"elfEngine","UnionBuffers5OrMore:5"
"elfEngine","UnionBuffers5OrMore:25"
"elfEngine","UnionBuffers5OrMore:91"
"elfEngine","UnionBuffers5OrMore:84"
"elfEngine","UnionBuffers5OrMore:66"
"elfEngine","ext key 0"
"elfEngine","UnionBuffers5OrMore:9"
"elfEngine","UnionBuffers5OrMore:39"
"elfEngine","UnionBuffers5OrMore:8"
"elfEngine","UnionBuffers5OrMore:38"
"elfEngine","UnionBuffers5OrMore:73"
"elfEngine","UnionBuffers5OrMore:7"
"elfEngine","UnionBuffers5OrMore:61"
"elfEngine","UnionBuffers5OrMore:10"
"elfEngine","UnionBuffers5OrMore:75"
"elfEngine","UnionBuffers5OrMore:42"
"elfEngine","UnionBuffers5OrMore:80"
"elfEngine","UnionBuffers5OrMore:17"
"elfEngine","UnionBuffers5OrMore:88"
"elfEngine","UnionBuffers5OrMore:11"
"elfEngine","UnionBuffers5OrMore:89"
"elfEngine","UnionBuffers5OrMore:26"
"elfEngine","ext key 5"
"elfEngine","UnionBuffers5OrMore:95"
"elfEngine","UnionBuffers5OrMore:76"
"elfEngine","UnionBuffers5OrMore:79"
"elfEngine","UnionBuffers5OrMore:30"
"elfEngine","UnionBuffers5OrMore:82"
"elfEngine","UnionBuffers5OrMore:49"
"elfEngine","UnionBuffers5OrMore:37"
"elfEngine","UnionBuffers5OrMore:13"
"elfEngine","UnionBuffers5OrMore:6"
"elfEngine","UnionBuffers5OrMore:94"
