<android.app.Activity: boolean onKeyDown(int,android.view.KeyEvent)>;"20","KeyEvent { action=ACTION_DOWN, keyCode=KEYCODE_DPAD_DOWN, scanCode=0, metaState=0, flags=0x8, repeatCount=0, eventTime=195420, downTime=195420, deviceId=-1, source=0x101 }"
<android.app.Activity: boolean onKeyDown(int,android.view.KeyEvent)>;"20","KeyEvent { action=ACTION_DOWN, keyCode=KEYCODE_DPAD_DOWN, scanCode=0, metaState=0, flags=0x400, repeatCount=0, eventTime=94232, downTime=94232, deviceId=-1, source=0x101 }"
<android.app.Activity: boolean onKeyDown(int,android.view.KeyEvent)>;"82","KeyEvent { action=ACTION_DOWN, keyCode=KEYCODE_MENU, scanCode=0, metaState=0, flags=0x8, repeatCount=0, eventTime=205494, downTime=205494, deviceId=-1, source=0x101 }"
<android.app.Activity: boolean onKeyDown(int,android.view.KeyEvent)>;"21","KeyEvent { action=ACTION_DOWN, keyCode=KEYCODE_DPAD_LEFT, scanCode=0, metaState=0, flags=0x400, repeatCount=0, eventTime=65098, downTime=65098, deviceId=-1, source=0x101 }"
<android.app.Activity: boolean onKeyDown(int,android.view.KeyEvent)>;"20","KeyEvent { action=ACTION_DOWN, keyCode=KEYCODE_DPAD_DOWN, scanCode=0, metaState=0, flags=0x400, repeatCount=0, eventTime=96756, downTime=96756, deviceId=-1, source=0x101 }"
<android.app.Activity: boolean onKeyDown(int,android.view.KeyEvent)>;"19","KeyEvent { action=ACTION_DOWN, keyCode=KEYCODE_DPAD_UP, scanCode=0, metaState=0, flags=0x400, repeatCount=0, eventTime=198304, downTime=198304, deviceId=-1, source=0x101 }"
<android.app.Activity: boolean onKeyDown(int,android.view.KeyEvent)>;"60","KeyEvent { action=ACTION_DOWN, keyCode=KEYCODE_SHIFT_RIGHT, scanCode=0, metaState=0, flags=0x8, repeatCount=0, eventTime=79939, downTime=79939, deviceId=-1, source=0x101 }"
<android.app.Activity: boolean onKeyDown(int,android.view.KeyEvent)>;"5","KeyEvent { action=ACTION_DOWN, keyCode=KEYCODE_CALL, scanCode=0, metaState=0, flags=0x8, repeatCount=0, eventTime=182222, downTime=182222, deviceId=-1, source=0x101 }"
<android.app.Activity: boolean onKeyDown(int,android.view.KeyEvent)>;"19","KeyEvent { action=ACTION_DOWN, keyCode=KEYCODE_DPAD_UP, scanCode=0, metaState=0, flags=0x400, repeatCount=0, eventTime=210782, downTime=210782, deviceId=-1, source=0x101 }"
<android.app.Activity: boolean onKeyDown(int,android.view.KeyEvent)>;"72","KeyEvent { action=ACTION_DOWN, keyCode=KEYCODE_RIGHT_BRACKET, scanCode=0, metaState=0, flags=0x8, repeatCount=0, eventTime=94228, downTime=94228, deviceId=-1, source=0x101 }"
<android.app.Activity: boolean onKeyDown(int,android.view.KeyEvent)>;"19","KeyEvent { action=ACTION_DOWN, keyCode=KEYCODE_DPAD_UP, scanCode=0, metaState=0, flags=0x8, repeatCount=0, eventTime=53921, downTime=53921, deviceId=-1, source=0x101 }"
<android.app.Activity: boolean onKeyDown(int,android.view.KeyEvent)>;"20","KeyEvent { action=ACTION_DOWN, keyCode=KEYCODE_DPAD_DOWN, scanCode=0, metaState=0, flags=0x400, repeatCount=0, eventTime=51359, downTime=51359, deviceId=-1, source=0x101 }"
<android.app.Activity: boolean onKeyDown(int,android.view.KeyEvent)>;"19","KeyEvent { action=ACTION_DOWN, keyCode=KEYCODE_DPAD_UP, scanCode=0, metaState=0, flags=0x400, repeatCount=0, eventTime=70336, downTime=70336, deviceId=-1, source=0x101 }"
<android.app.Activity: boolean onKeyDown(int,android.view.KeyEvent)>;"19","KeyEvent { action=ACTION_DOWN, keyCode=KEYCODE_DPAD_UP, scanCode=0, metaState=0, flags=0x400, repeatCount=0, eventTime=111716, downTime=111716, deviceId=-1, source=0x101 }"
<android.app.Activity: boolean onKeyDown(int,android.view.KeyEvent)>;"19","KeyEvent { action=ACTION_DOWN, keyCode=KEYCODE_DPAD_UP, scanCode=0, metaState=0, flags=0x400, repeatCount=0, eventTime=165966, downTime=165966, deviceId=-1, source=0x101 }"
<android.app.Activity: boolean onKeyDown(int,android.view.KeyEvent)>;"177","KeyEvent { action=ACTION_DOWN, keyCode=KEYCODE_TV_POWER, scanCode=0, metaState=0, flags=0x8, repeatCount=0, eventTime=83020, downTime=83020, deviceId=-1, source=0x101 }"
<android.app.Activity: boolean onKeyDown(int,android.view.KeyEvent)>;"88","KeyEvent { action=ACTION_DOWN, keyCode=KEYCODE_MEDIA_PREVIOUS, scanCode=0, metaState=0, flags=0x8, repeatCount=0, eventTime=87354, downTime=87354, deviceId=-1, source=0x101 }"
<android.app.Activity: boolean onKeyDown(int,android.view.KeyEvent)>;"20","KeyEvent { action=ACTION_DOWN, keyCode=KEYCODE_DPAD_DOWN, scanCode=0, metaState=0, flags=0x400, repeatCount=0, eventTime=119120, downTime=119120, deviceId=-1, source=0x101 }"
<android.app.Activity: boolean onKeyDown(int,android.view.KeyEvent)>;"21","KeyEvent { action=ACTION_DOWN, keyCode=KEYCODE_DPAD_LEFT, scanCode=0, metaState=0, flags=0x8, repeatCount=0, eventTime=157760, downTime=157760, deviceId=-1, source=0x101 }"
<android.app.Activity: boolean onKeyDown(int,android.view.KeyEvent)>;"21","KeyEvent { action=ACTION_DOWN, keyCode=KEYCODE_DPAD_LEFT, scanCode=0, metaState=0, flags=0x8, repeatCount=0, eventTime=76888, downTime=76888, deviceId=-1, source=0x101 }"
<android.app.Activity: boolean onKeyDown(int,android.view.KeyEvent)>;"132","KeyEvent { action=ACTION_DOWN, keyCode=KEYCODE_F2, scanCode=0, metaState=0, flags=0x8, repeatCount=0, eventTime=89499, downTime=89499, deviceId=-1, source=0x101 }"
<android.app.Activity: boolean onKeyDown(int,android.view.KeyEvent)>;"23","KeyEvent { action=ACTION_DOWN, keyCode=KEYCODE_DPAD_CENTER, scanCode=0, metaState=0, flags=0x8, repeatCount=0, eventTime=93684, downTime=93684, deviceId=-1, source=0x101 }"
<android.app.Activity: boolean onKeyDown(int,android.view.KeyEvent)>;"23","KeyEvent { action=ACTION_DOWN, keyCode=KEYCODE_DPAD_CENTER, scanCode=0, metaState=0, flags=0x400, repeatCount=0, eventTime=84062, downTime=84062, deviceId=-1, source=0x101 }"
<android.app.Activity: boolean onKeyDown(int,android.view.KeyEvent)>;"21","KeyEvent { action=ACTION_DOWN, keyCode=KEYCODE_DPAD_LEFT, scanCode=0, metaState=0, flags=0x8, repeatCount=0, eventTime=195463, downTime=195463, deviceId=-1, source=0x101 }"
<android.app.Activity: boolean onKeyDown(int,android.view.KeyEvent)>;"260","KeyEvent { action=ACTION_DOWN, keyCode=KEYCODE_NAVIGATE_PREVIOUS, scanCode=0, metaState=0, flags=0x8, repeatCount=0, eventTime=140380, downTime=140380, deviceId=-1, source=0x101 }"
<android.app.Activity: boolean onKeyDown(int,android.view.KeyEvent)>;"19","KeyEvent { action=ACTION_DOWN, keyCode=KEYCODE_DPAD_UP, scanCode=0, metaState=0, flags=0x400, repeatCount=0, eventTime=58032, downTime=58032, deviceId=-1, source=0x101 }"
<android.app.Activity: boolean onKeyDown(int,android.view.KeyEvent)>;"21","KeyEvent { action=ACTION_DOWN, keyCode=KEYCODE_DPAD_LEFT, scanCode=0, metaState=0, flags=0x400, repeatCount=0, eventTime=56437, downTime=56437, deviceId=-1, source=0x101 }"
<android.app.Activity: boolean onKeyDown(int,android.view.KeyEvent)>;"38","KeyEvent { action=ACTION_DOWN, keyCode=KEYCODE_J, scanCode=0, metaState=0, flags=0x8, repeatCount=0, eventTime=174120, downTime=174120, deviceId=-1, source=0x101 }"
<android.app.Activity: boolean onKeyDown(int,android.view.KeyEvent)>;"23","KeyEvent { action=ACTION_DOWN, keyCode=KEYCODE_DPAD_CENTER, scanCode=0, metaState=0, flags=0x400, repeatCount=0, eventTime=192048, downTime=192048, deviceId=-1, source=0x101 }"
<android.app.Activity: boolean onKeyDown(int,android.view.KeyEvent)>;"23","KeyEvent { action=ACTION_DOWN, keyCode=KEYCODE_DPAD_CENTER, scanCode=0, metaState=0, flags=0x8, repeatCount=0, eventTime=144524, downTime=144524, deviceId=-1, source=0x101 }"
<android.app.Activity: boolean onKeyDown(int,android.view.KeyEvent)>;"20","KeyEvent { action=ACTION_DOWN, keyCode=KEYCODE_DPAD_DOWN, scanCode=0, metaState=0, flags=0x8, repeatCount=0, eventTime=83955, downTime=83955, deviceId=-1, source=0x101 }"
<android.app.Activity: boolean onKeyDown(int,android.view.KeyEvent)>;"23","KeyEvent { action=ACTION_DOWN, keyCode=KEYCODE_DPAD_CENTER, scanCode=0, metaState=0, flags=0x8, repeatCount=0, eventTime=73851, downTime=73851, deviceId=-1, source=0x101 }"
<android.app.Activity: boolean onKeyDown(int,android.view.KeyEvent)>;"21","KeyEvent { action=ACTION_DOWN, keyCode=KEYCODE_DPAD_LEFT, scanCode=0, metaState=0, flags=0x400, repeatCount=0, eventTime=51579, downTime=51579, deviceId=-1, source=0x101 }"
<android.content.ContextWrapper: boolean bindService(android.content.Intent,android.content.ServiceConnection,int)>;"Intent { act=com.android.vending.billing.InAppBillingService.BIND }","com.donutgames.dgkit.DGKitActivity@5e6fa20","1"
<android.app.Activity: boolean onKeyDown(int,android.view.KeyEvent)>;"19","KeyEvent { action=ACTION_DOWN, keyCode=KEYCODE_DPAD_UP, scanCode=0, metaState=0, flags=0x400, repeatCount=0, eventTime=154749, downTime=154749, deviceId=-1, source=0x101 }"
<android.app.Activity: boolean onKeyDown(int,android.view.KeyEvent)>;"21","KeyEvent { action=ACTION_DOWN, keyCode=KEYCODE_DPAD_LEFT, scanCode=0, metaState=0, flags=0x8, repeatCount=0, eventTime=117045, downTime=117045, deviceId=-1, source=0x101 }"
<android.app.Activity: boolean onKeyDown(int,android.view.KeyEvent)>;"236","KeyEvent { action=ACTION_DOWN, keyCode=KEYCODE_TV_TERRESTRIAL_DIGITAL, scanCode=0, metaState=0, flags=0x8, repeatCount=0, eventTime=142496, downTime=142496, deviceId=-1, source=0x101 }"
<android.app.Activity: boolean onKeyDown(int,android.view.KeyEvent)>;"4","KeyEvent { action=ACTION_DOWN, keyCode=KEYCODE_BACK, scanCode=0, metaState=0, flags=0x8, repeatCount=0, eventTime=209602, downTime=209602, deviceId=-1, source=0x101 }"
<android.app.Activity: boolean onKeyDown(int,android.view.KeyEvent)>;"19","KeyEvent { action=ACTION_DOWN, keyCode=KEYCODE_DPAD_UP, scanCode=0, metaState=0, flags=0x8, repeatCount=0, eventTime=91546, downTime=91546, deviceId=-1, source=0x101 }"
<android.app.Activity: boolean onKeyDown(int,android.view.KeyEvent)>;"5","KeyEvent { action=ACTION_DOWN, keyCode=KEYCODE_CALL, scanCode=0, metaState=0, flags=0x8, repeatCount=0, eventTime=70565, downTime=70565, deviceId=-1, source=0x101 }"
<android.app.Activity: boolean onKeyDown(int,android.view.KeyEvent)>;"19","KeyEvent { action=ACTION_DOWN, keyCode=KEYCODE_DPAD_UP, scanCode=0, metaState=0, flags=0x8, repeatCount=0, eventTime=112697, downTime=112697, deviceId=-1, source=0x101 }"
<android.app.Activity: boolean onKeyDown(int,android.view.KeyEvent)>;"20","KeyEvent { action=ACTION_DOWN, keyCode=KEYCODE_DPAD_DOWN, scanCode=0, metaState=0, flags=0x400, repeatCount=0, eventTime=146660, downTime=146660, deviceId=-1, source=0x101 }"
<android.app.Activity: boolean onKeyDown(int,android.view.KeyEvent)>;"19","KeyEvent { action=ACTION_DOWN, keyCode=KEYCODE_DPAD_UP, scanCode=0, metaState=0, flags=0x400, repeatCount=0, eventTime=171103, downTime=171103, deviceId=-1, source=0x101 }"
<android.app.Activity: boolean onKeyDown(int,android.view.KeyEvent)>;"22","KeyEvent { action=ACTION_DOWN, keyCode=KEYCODE_DPAD_RIGHT, scanCode=0, metaState=0, flags=0x400, repeatCount=0, eventTime=119188, downTime=119188, deviceId=-1, source=0x101 }"
<android.app.Activity: boolean onKeyDown(int,android.view.KeyEvent)>;"183","KeyEvent { action=ACTION_DOWN, keyCode=KEYCODE_PROG_RED, scanCode=0, metaState=0, flags=0x8, repeatCount=0, eventTime=80993, downTime=80993, deviceId=-1, source=0x101 }"
<android.app.Activity: boolean onKeyDown(int,android.view.KeyEvent)>;"105","KeyEvent { action=ACTION_DOWN, keyCode=KEYCODE_BUTTON_R2, scanCode=0, metaState=0, flags=0x8, repeatCount=0, eventTime=139352, downTime=139352, deviceId=-1, source=0x101 }"
<android.app.Activity: boolean onKeyDown(int,android.view.KeyEvent)>;"21","KeyEvent { action=ACTION_DOWN, keyCode=KEYCODE_DPAD_LEFT, scanCode=0, metaState=0, flags=0x400, repeatCount=0, eventTime=57679, downTime=57679, deviceId=-1, source=0x101 }"
<android.app.Activity: boolean onKeyDown(int,android.view.KeyEvent)>;"22","KeyEvent { action=ACTION_DOWN, keyCode=KEYCODE_DPAD_RIGHT, scanCode=0, metaState=0, flags=0x8, repeatCount=0, eventTime=79563, downTime=79563, deviceId=-1, source=0x101 }"
<android.app.Activity: boolean onKeyDown(int,android.view.KeyEvent)>;"259","KeyEvent { action=ACTION_DOWN, keyCode=KEYCODE_HELP, scanCode=0, metaState=0, flags=0x8, repeatCount=0, eventTime=76447, downTime=76447, deviceId=-1, source=0x101 }"
<android.app.Activity: boolean onKeyDown(int,android.view.KeyEvent)>;"21","KeyEvent { action=ACTION_DOWN, keyCode=KEYCODE_DPAD_LEFT, scanCode=0, metaState=0, flags=0x400, repeatCount=0, eventTime=65015, downTime=65015, deviceId=-1, source=0x101 }"
<android.app.Activity: boolean onKeyDown(int,android.view.KeyEvent)>;"21","KeyEvent { action=ACTION_DOWN, keyCode=KEYCODE_DPAD_LEFT, scanCode=0, metaState=0, flags=0x400, repeatCount=0, eventTime=64294, downTime=64294, deviceId=-1, source=0x101 }"
<android.app.Activity: boolean onKeyDown(int,android.view.KeyEvent)>;"19","KeyEvent { action=ACTION_DOWN, keyCode=KEYCODE_DPAD_UP, scanCode=0, metaState=0, flags=0x8, repeatCount=0, eventTime=92667, downTime=92667, deviceId=-1, source=0x101 }"
<android.app.Activity: boolean onKeyDown(int,android.view.KeyEvent)>;"19","KeyEvent { action=ACTION_DOWN, keyCode=KEYCODE_DPAD_UP, scanCode=0, metaState=0, flags=0x400, repeatCount=0, eventTime=57704, downTime=57704, deviceId=-1, source=0x101 }"
<android.app.Activity: boolean onKeyDown(int,android.view.KeyEvent)>;"19","KeyEvent { action=ACTION_DOWN, keyCode=KEYCODE_DPAD_UP, scanCode=0, metaState=0, flags=0x400, repeatCount=0, eventTime=198316, downTime=198316, deviceId=-1, source=0x101 }"
<android.app.Activity: boolean onKeyDown(int,android.view.KeyEvent)>;"22","KeyEvent { action=ACTION_DOWN, keyCode=KEYCODE_DPAD_RIGHT, scanCode=0, metaState=0, flags=0x400, repeatCount=0, eventTime=171110, downTime=171110, deviceId=-1, source=0x101 }"
<android.app.Activity: boolean onKeyDown(int,android.view.KeyEvent)>;"134","KeyEvent { action=ACTION_DOWN, keyCode=KEYCODE_F4, scanCode=0, metaState=0, flags=0x8, repeatCount=0, eventTime=96755, downTime=96755, deviceId=-1, source=0x101 }"
<android.app.Activity: boolean onKeyDown(int,android.view.KeyEvent)>;"19","KeyEvent { action=ACTION_DOWN, keyCode=KEYCODE_DPAD_UP, scanCode=0, metaState=0, flags=0x400, repeatCount=0, eventTime=86245, downTime=86245, deviceId=-1, source=0x101 }"
<android.app.Activity: boolean onKeyDown(int,android.view.KeyEvent)>;"21","KeyEvent { action=ACTION_DOWN, keyCode=KEYCODE_DPAD_LEFT, scanCode=0, metaState=0, flags=0x8, repeatCount=0, eventTime=133649, downTime=133649, deviceId=-1, source=0x101 }"
<android.app.Activity: boolean onKeyDown(int,android.view.KeyEvent)>;"22","KeyEvent { action=ACTION_DOWN, keyCode=KEYCODE_DPAD_RIGHT, scanCode=0, metaState=0, flags=0x400, repeatCount=0, eventTime=205591, downTime=205591, deviceId=-1, source=0x101 }"
<android.app.Activity: boolean onKeyDown(int,android.view.KeyEvent)>;"20","KeyEvent { action=ACTION_DOWN, keyCode=KEYCODE_DPAD_DOWN, scanCode=0, metaState=0, flags=0x8, repeatCount=0, eventTime=72390, downTime=72390, deviceId=-1, source=0x101 }"
<android.app.Activity: boolean onKeyDown(int,android.view.KeyEvent)>;"22","KeyEvent { action=ACTION_DOWN, keyCode=KEYCODE_DPAD_RIGHT, scanCode=0, metaState=0, flags=0x400, repeatCount=0, eventTime=60512, downTime=60512, deviceId=-1, source=0x101 }"
<android.app.Activity: boolean onKeyDown(int,android.view.KeyEvent)>;"19","KeyEvent { action=ACTION_DOWN, keyCode=KEYCODE_DPAD_UP, scanCode=0, metaState=0, flags=0x400, repeatCount=0, eventTime=65052, downTime=65052, deviceId=-1, source=0x101 }"
<android.app.Activity: void startActivity(android.content.Intent)>;"Intent { act=android.intent.action.VIEW dat=http://www.donutgames.com/... }"
<android.content.ContextWrapper: boolean bindService(android.content.Intent,android.content.ServiceConnection,int)>;"Intent { act=com.android.vending.billing.InAppBillingService.BIND }","com.donutgames.dgkit.DGKitActivity@4b85e70","1"
<android.app.Activity: boolean onKeyDown(int,android.view.KeyEvent)>;"23","KeyEvent { action=ACTION_DOWN, keyCode=KEYCODE_DPAD_CENTER, scanCode=0, metaState=0, flags=0x8, repeatCount=0, eventTime=169008, downTime=169008, deviceId=-1, source=0x101 }"
<android.app.Activity: boolean onKeyDown(int,android.view.KeyEvent)>;"21","KeyEvent { action=ACTION_DOWN, keyCode=KEYCODE_DPAD_LEFT, scanCode=0, metaState=0, flags=0x8, repeatCount=0, eventTime=60541, downTime=60541, deviceId=-1, source=0x101 }"
<android.app.Activity: boolean onKeyDown(int,android.view.KeyEvent)>;"19","KeyEvent { action=ACTION_DOWN, keyCode=KEYCODE_DPAD_UP, scanCode=0, metaState=0, flags=0x8, repeatCount=0, eventTime=70326, downTime=70326, deviceId=-1, source=0x101 }"
<android.app.Activity: boolean onKeyDown(int,android.view.KeyEvent)>;"265","KeyEvent { action=ACTION_DOWN, keyCode=KEYCODE_STEM_1, scanCode=0, metaState=0, flags=0x8, repeatCount=0, eventTime=190313, downTime=190313, deviceId=-1, source=0x101 }"
<android.app.Activity: boolean onKeyDown(int,android.view.KeyEvent)>;"82","KeyEvent { action=ACTION_DOWN, keyCode=KEYCODE_MENU, scanCode=0, metaState=0, flags=0x8, repeatCount=0, eventTime=130113, downTime=130113, deviceId=-1, source=0x101 }"
<android.app.Activity: boolean onKeyDown(int,android.view.KeyEvent)>;"82","KeyEvent { action=ACTION_DOWN, keyCode=KEYCODE_MENU, scanCode=0, metaState=0, flags=0x8, repeatCount=0, eventTime=208516, downTime=208516, deviceId=-1, source=0x101 }"
<android.app.Activity: boolean onKeyDown(int,android.view.KeyEvent)>;"21","KeyEvent { action=ACTION_DOWN, keyCode=KEYCODE_DPAD_LEFT, scanCode=0, metaState=0, flags=0x8, repeatCount=0, eventTime=103990, downTime=103990, deviceId=-1, source=0x101 }"
<android.app.Activity: boolean onKeyDown(int,android.view.KeyEvent)>;"19","KeyEvent { action=ACTION_DOWN, keyCode=KEYCODE_DPAD_UP, scanCode=0, metaState=0, flags=0x8, repeatCount=0, eventTime=95708, downTime=95708, deviceId=-1, source=0x101 }"
<android.app.Activity: boolean onKeyDown(int,android.view.KeyEvent)>;"22","KeyEvent { action=ACTION_DOWN, keyCode=KEYCODE_DPAD_RIGHT, scanCode=0, metaState=0, flags=0x8, repeatCount=0, eventTime=189312, downTime=189312, deviceId=-1, source=0x101 }"
<android.app.Activity: boolean onKeyDown(int,android.view.KeyEvent)>;"20","KeyEvent { action=ACTION_DOWN, keyCode=KEYCODE_DPAD_DOWN, scanCode=0, metaState=0, flags=0x400, repeatCount=0, eventTime=65115, downTime=65115, deviceId=-1, source=0x101 }"
<android.app.Activity: boolean onKeyDown(int,android.view.KeyEvent)>;"21","KeyEvent { action=ACTION_DOWN, keyCode=KEYCODE_DPAD_LEFT, scanCode=0, metaState=0, flags=0x8, repeatCount=0, eventTime=186298, downTime=186298, deviceId=-1, source=0x101 }"
<android.content.ContextWrapper: boolean bindService(android.content.Intent,android.content.ServiceConnection,int)>;"Intent { act=com.android.vending.billing.InAppBillingService.BIND }","com.donutgames.dgkit.DGKitActivity@d822fe2","1"
<android.app.Activity: boolean onKeyDown(int,android.view.KeyEvent)>;"148","KeyEvent { action=ACTION_DOWN, keyCode=KEYCODE_NUMPAD_4, scanCode=0, metaState=0, flags=0x8, repeatCount=0, eventTime=71717, downTime=71717, deviceId=-1, source=0x101 }"
<android.app.Activity: boolean onKeyDown(int,android.view.KeyEvent)>;"165","KeyEvent { action=ACTION_DOWN, keyCode=KEYCODE_INFO, scanCode=0, metaState=0, flags=0x8, repeatCount=0, eventTime=201397, downTime=201397, deviceId=-1, source=0x101 }"
<android.app.Activity: boolean onKeyDown(int,android.view.KeyEvent)>;"20","KeyEvent { action=ACTION_DOWN, keyCode=KEYCODE_DPAD_DOWN, scanCode=0, metaState=0, flags=0x400, repeatCount=0, eventTime=58703, downTime=58703, deviceId=-1, source=0x101 }"
<android.app.Activity: boolean onKeyDown(int,android.view.KeyEvent)>;"20","KeyEvent { action=ACTION_DOWN, keyCode=KEYCODE_DPAD_DOWN, scanCode=0, metaState=0, flags=0x8, repeatCount=0, eventTime=119217, downTime=119217, deviceId=-1, source=0x101 }"
<android.app.Activity: boolean onKeyDown(int,android.view.KeyEvent)>;"254","KeyEvent { action=ACTION_DOWN, keyCode=KEYCODE_TV_AUDIO_DESCRIPTION_MIX_DOWN, scanCode=0, metaState=0, flags=0x8, repeatCount=0, eventTime=115678, downTime=115678, deviceId=-1, source=0x101 }"
<android.app.Activity: void setContentView(android.view.View)>;"com.donutgames.dgkit.DGLayout{2d426b4 V.E...... ......I. 0,0-0,0}"
<android.app.Activity: boolean onKeyDown(int,android.view.KeyEvent)>;"82","KeyEvent { action=ACTION_DOWN, keyCode=KEYCODE_MENU, scanCode=0, metaState=0, flags=0x8, repeatCount=0, eventTime=98397, downTime=98397, deviceId=-1, source=0x101 }"
<android.app.Activity: boolean onKeyDown(int,android.view.KeyEvent)>;"20","KeyEvent { action=ACTION_DOWN, keyCode=KEYCODE_DPAD_DOWN, scanCode=0, metaState=0, flags=0x8, repeatCount=0, eventTime=198468, downTime=198468, deviceId=-1, source=0x101 }"
<android.app.Activity: boolean onKeyDown(int,android.view.KeyEvent)>;"20","KeyEvent { action=ACTION_DOWN, keyCode=KEYCODE_DPAD_DOWN, scanCode=0, metaState=0, flags=0x8, repeatCount=0, eventTime=69563, downTime=69563, deviceId=-1, source=0x101 }"
<android.app.Activity: boolean onKeyDown(int,android.view.KeyEvent)>;"20","KeyEvent { action=ACTION_DOWN, keyCode=KEYCODE_DPAD_DOWN, scanCode=0, metaState=0, flags=0x400, repeatCount=0, eventTime=57618, downTime=57618, deviceId=-1, source=0x101 }"
<android.app.Activity: boolean onKeyDown(int,android.view.KeyEvent)>;"20","KeyEvent { action=ACTION_DOWN, keyCode=KEYCODE_DPAD_DOWN, scanCode=0, metaState=0, flags=0x400, repeatCount=0, eventTime=119140, downTime=119140, deviceId=-1, source=0x101 }"
<android.app.Activity: boolean onKeyDown(int,android.view.KeyEvent)>;"23","KeyEvent { action=ACTION_DOWN, keyCode=KEYCODE_DPAD_CENTER, scanCode=0, metaState=0, flags=0x8, repeatCount=0, eventTime=64688, downTime=64688, deviceId=-1, source=0x101 }"
<android.app.Activity: boolean onKeyDown(int,android.view.KeyEvent)>;"20","KeyEvent { action=ACTION_DOWN, keyCode=KEYCODE_DPAD_DOWN, scanCode=0, metaState=0, flags=0x400, repeatCount=0, eventTime=176166, downTime=176166, deviceId=-1, source=0x101 }"
<android.app.Activity: boolean onKeyDown(int,android.view.KeyEvent)>;"82","KeyEvent { action=ACTION_DOWN, keyCode=KEYCODE_MENU, scanCode=0, metaState=0, flags=0x8, repeatCount=0, eventTime=87049, downTime=87049, deviceId=-1, source=0x101 }"
<android.app.Activity: boolean onKeyDown(int,android.view.KeyEvent)>;"134","KeyEvent { action=ACTION_DOWN, keyCode=KEYCODE_F4, scanCode=0, metaState=0, flags=0x8, repeatCount=0, eventTime=104582, downTime=104582, deviceId=-1, source=0x101 }"
<android.app.Activity: boolean onKeyDown(int,android.view.KeyEvent)>;"23","KeyEvent { action=ACTION_DOWN, keyCode=KEYCODE_DPAD_CENTER, scanCode=0, metaState=0, flags=0x8, repeatCount=0, eventTime=52274, downTime=52274, deviceId=-1, source=0x101 }"
<android.app.Activity: boolean onKeyDown(int,android.view.KeyEvent)>;"22","KeyEvent { action=ACTION_DOWN, keyCode=KEYCODE_DPAD_RIGHT, scanCode=0, metaState=0, flags=0x8, repeatCount=0, eventTime=116040, downTime=116040, deviceId=-1, source=0x101 }"
<android.app.Activity: boolean onKeyDown(int,android.view.KeyEvent)>;"23","KeyEvent { action=ACTION_DOWN, keyCode=KEYCODE_DPAD_CENTER, scanCode=0, metaState=0, flags=0x8, repeatCount=0, eventTime=85064, downTime=85064, deviceId=-1, source=0x101 }"
<android.app.Activity: boolean onKeyDown(int,android.view.KeyEvent)>;"2","KeyEvent { action=ACTION_DOWN, keyCode=KEYCODE_SOFT_RIGHT, scanCode=0, metaState=0, flags=0x8, repeatCount=0, eventTime=206651, downTime=206651, deviceId=-1, source=0x101 }"
<android.app.Activity: boolean onKeyDown(int,android.view.KeyEvent)>;"19","KeyEvent { action=ACTION_DOWN, keyCode=KEYCODE_DPAD_UP, scanCode=0, metaState=0, flags=0x8, repeatCount=0, eventTime=204616, downTime=204616, deviceId=-1, source=0x101 }"
<android.app.Activity: boolean onKeyDown(int,android.view.KeyEvent)>;"20","KeyEvent { action=ACTION_DOWN, keyCode=KEYCODE_DPAD_DOWN, scanCode=0, metaState=0, flags=0x400, repeatCount=0, eventTime=73866, downTime=73866, deviceId=-1, source=0x101 }"
<android.app.Activity: boolean onKeyDown(int,android.view.KeyEvent)>;"19","KeyEvent { action=ACTION_DOWN, keyCode=KEYCODE_DPAD_UP, scanCode=0, metaState=0, flags=0x400, repeatCount=0, eventTime=218060, downTime=218060, deviceId=-1, source=0x101 }"
<android.app.Activity: boolean onKeyDown(int,android.view.KeyEvent)>;"21","KeyEvent { action=ACTION_DOWN, keyCode=KEYCODE_DPAD_LEFT, scanCode=0, metaState=0, flags=0x400, repeatCount=0, eventTime=124389, downTime=124389, deviceId=-1, source=0x101 }"
<android.app.Activity: boolean onKeyDown(int,android.view.KeyEvent)>;"21","KeyEvent { action=ACTION_DOWN, keyCode=KEYCODE_DPAD_LEFT, scanCode=0, metaState=0, flags=0x8, repeatCount=0, eventTime=109614, downTime=109614, deviceId=-1, source=0x101 }"
<android.app.Activity: boolean onKeyDown(int,android.view.KeyEvent)>;"19","KeyEvent { action=ACTION_DOWN, keyCode=KEYCODE_DPAD_UP, scanCode=0, metaState=0, flags=0x400, repeatCount=0, eventTime=125399, downTime=125399, deviceId=-1, source=0x101 }"
<android.app.Activity: boolean onKeyDown(int,android.view.KeyEvent)>;"20","KeyEvent { action=ACTION_DOWN, keyCode=KEYCODE_DPAD_DOWN, scanCode=0, metaState=0, flags=0x8, repeatCount=0, eventTime=177152, downTime=177152, deviceId=-1, source=0x101 }"
<android.app.Activity: boolean onKeyDown(int,android.view.KeyEvent)>;"82","KeyEvent { action=ACTION_DOWN, keyCode=KEYCODE_MENU, scanCode=0, metaState=0, flags=0x8, repeatCount=0, eventTime=106619, downTime=106619, deviceId=-1, source=0x101 }"
<android.app.Activity: boolean onKeyDown(int,android.view.KeyEvent)>;"22","KeyEvent { action=ACTION_DOWN, keyCode=KEYCODE_DPAD_RIGHT, scanCode=0, metaState=0, flags=0x8, repeatCount=0, eventTime=217588, downTime=217588, deviceId=-1, source=0x101 }"
<android.app.Activity: boolean onKeyDown(int,android.view.KeyEvent)>;"19","KeyEvent { action=ACTION_DOWN, keyCode=KEYCODE_DPAD_UP, scanCode=0, metaState=0, flags=0x8, repeatCount=0, eventTime=204429, downTime=204429, deviceId=-1, source=0x101 }"
<android.app.Activity: boolean onKeyDown(int,android.view.KeyEvent)>;"19","KeyEvent { action=ACTION_DOWN, keyCode=KEYCODE_DPAD_UP, scanCode=0, metaState=0, flags=0x400, repeatCount=0, eventTime=218043, downTime=218043, deviceId=-1, source=0x101 }"
<android.app.Activity: boolean onKeyDown(int,android.view.KeyEvent)>;"222","KeyEvent { action=ACTION_DOWN, keyCode=KEYCODE_MEDIA_AUDIO_TRACK, scanCode=0, metaState=0, flags=0x8, repeatCount=0, eventTime=202565, downTime=202565, deviceId=-1, source=0x101 }"
<android.app.Activity: boolean onKeyDown(int,android.view.KeyEvent)>;"23","KeyEvent { action=ACTION_DOWN, keyCode=KEYCODE_DPAD_CENTER, scanCode=0, metaState=0, flags=0x400, repeatCount=0, eventTime=50788, downTime=50788, deviceId=-1, source=0x101 }"
<android.app.Activity: boolean onKeyDown(int,android.view.KeyEvent)>;"20","KeyEvent { action=ACTION_DOWN, keyCode=KEYCODE_DPAD_DOWN, scanCode=0, metaState=0, flags=0x400, repeatCount=0, eventTime=210827, downTime=210827, deviceId=-1, source=0x101 }"
<android.app.Activity: boolean onKeyDown(int,android.view.KeyEvent)>;"19","KeyEvent { action=ACTION_DOWN, keyCode=KEYCODE_DPAD_UP, scanCode=0, metaState=0, flags=0x8, repeatCount=0, eventTime=68722, downTime=68722, deviceId=-1, source=0x101 }"
<android.app.Activity: boolean onKeyDown(int,android.view.KeyEvent)>;"23","KeyEvent { action=ACTION_DOWN, keyCode=KEYCODE_DPAD_CENTER, scanCode=0, metaState=0, flags=0x8, repeatCount=0, eventTime=56969, downTime=56969, deviceId=-1, source=0x101 }"
<android.app.Activity: boolean onKeyDown(int,android.view.KeyEvent)>;"82","KeyEvent { action=ACTION_DOWN, keyCode=KEYCODE_MENU, scanCode=0, metaState=0, flags=0x8, repeatCount=0, eventTime=52109, downTime=52109, deviceId=-1, source=0x101 }"
<android.app.Activity: boolean onKeyDown(int,android.view.KeyEvent)>;"22","KeyEvent { action=ACTION_DOWN, keyCode=KEYCODE_DPAD_RIGHT, scanCode=0, metaState=0, flags=0x8, repeatCount=0, eventTime=207599, downTime=207599, deviceId=-1, source=0x101 }"
<android.app.Activity: boolean onKeyDown(int,android.view.KeyEvent)>;"20","KeyEvent { action=ACTION_DOWN, keyCode=KEYCODE_DPAD_DOWN, scanCode=0, metaState=0, flags=0x8, repeatCount=0, eventTime=196200, downTime=196200, deviceId=-1, source=0x101 }"
<android.app.Activity: boolean onKeyDown(int,android.view.KeyEvent)>;"22","KeyEvent { action=ACTION_DOWN, keyCode=KEYCODE_DPAD_RIGHT, scanCode=0, metaState=0, flags=0x8, repeatCount=0, eventTime=189947, downTime=189947, deviceId=-1, source=0x101 }"
<android.app.Activity: boolean onKeyDown(int,android.view.KeyEvent)>;"20","KeyEvent { action=ACTION_DOWN, keyCode=KEYCODE_DPAD_DOWN, scanCode=0, metaState=0, flags=0x8, repeatCount=0, eventTime=77912, downTime=77912, deviceId=-1, source=0x101 }"
<android.app.Activity: boolean onKeyDown(int,android.view.KeyEvent)>;"20","KeyEvent { action=ACTION_DOWN, keyCode=KEYCODE_DPAD_DOWN, scanCode=0, metaState=0, flags=0x400, repeatCount=0, eventTime=56413, downTime=56413, deviceId=-1, source=0x101 }"
<android.app.Activity: boolean onKeyDown(int,android.view.KeyEvent)>;"19","KeyEvent { action=ACTION_DOWN, keyCode=KEYCODE_DPAD_UP, scanCode=0, metaState=0, flags=0x400, repeatCount=0, eventTime=165965, downTime=165965, deviceId=-1, source=0x101 }"
<android.app.Activity: boolean onKeyDown(int,android.view.KeyEvent)>;"82","KeyEvent { action=ACTION_DOWN, keyCode=KEYCODE_MENU, scanCode=0, metaState=0, flags=0x8, repeatCount=0, eventTime=123786, downTime=123786, deviceId=-1, source=0x101 }"
<android.app.Activity: boolean onKeyDown(int,android.view.KeyEvent)>;"19","KeyEvent { action=ACTION_DOWN, keyCode=KEYCODE_DPAD_UP, scanCode=0, metaState=0, flags=0x8, repeatCount=0, eventTime=54945, downTime=54945, deviceId=-1, source=0x101 }"
<android.app.Activity: boolean onKeyDown(int,android.view.KeyEvent)>;"21","KeyEvent { action=ACTION_DOWN, keyCode=KEYCODE_DPAD_LEFT, scanCode=0, metaState=0, flags=0x400, repeatCount=0, eventTime=68559, downTime=68559, deviceId=-1, source=0x101 }"
<android.app.Activity: boolean onKeyDown(int,android.view.KeyEvent)>;"23","KeyEvent { action=ACTION_DOWN, keyCode=KEYCODE_DPAD_CENTER, scanCode=0, metaState=0, flags=0x8, repeatCount=0, eventTime=112668, downTime=112668, deviceId=-1, source=0x101 }"
<android.app.Activity: boolean onKeyDown(int,android.view.KeyEvent)>;"177","KeyEvent { action=ACTION_DOWN, keyCode=KEYCODE_TV_POWER, scanCode=0, metaState=0, flags=0x8, repeatCount=0, eventTime=73838, downTime=73838, deviceId=-1, source=0x101 }"
<android.app.Activity: boolean onKeyDown(int,android.view.KeyEvent)>;"22","KeyEvent { action=ACTION_DOWN, keyCode=KEYCODE_DPAD_RIGHT, scanCode=0, metaState=0, flags=0x8, repeatCount=0, eventTime=189363, downTime=189363, deviceId=-1, source=0x101 }"
<android.app.Activity: boolean onKeyDown(int,android.view.KeyEvent)>;"19","KeyEvent { action=ACTION_DOWN, keyCode=KEYCODE_DPAD_UP, scanCode=0, metaState=0, flags=0x400, repeatCount=0, eventTime=93196, downTime=93196, deviceId=-1, source=0x101 }"
<android.app.Activity: boolean onKeyDown(int,android.view.KeyEvent)>;"19","KeyEvent { action=ACTION_DOWN, keyCode=KEYCODE_DPAD_UP, scanCode=0, metaState=0, flags=0x400, repeatCount=0, eventTime=61191, downTime=61191, deviceId=-1, source=0x101 }"
<android.app.Activity: boolean onKeyDown(int,android.view.KeyEvent)>;"19","KeyEvent { action=ACTION_DOWN, keyCode=KEYCODE_DPAD_UP, scanCode=0, metaState=0, flags=0x8, repeatCount=0, eventTime=210809, downTime=210809, deviceId=-1, source=0x101 }"
<android.app.Activity: boolean onKeyDown(int,android.view.KeyEvent)>;"23","KeyEvent { action=ACTION_DOWN, keyCode=KEYCODE_DPAD_CENTER, scanCode=0, metaState=0, flags=0x8, repeatCount=0, eventTime=74408, downTime=74408, deviceId=-1, source=0x101 }"
<android.app.Activity: boolean onKeyDown(int,android.view.KeyEvent)>;"23","KeyEvent { action=ACTION_DOWN, keyCode=KEYCODE_DPAD_CENTER, scanCode=0, metaState=0, flags=0x8, repeatCount=0, eventTime=102515, downTime=102515, deviceId=-1, source=0x101 }"
<android.app.Activity: boolean onKeyDown(int,android.view.KeyEvent)>;"21","KeyEvent { action=ACTION_DOWN, keyCode=KEYCODE_DPAD_LEFT, scanCode=0, metaState=0, flags=0x8, repeatCount=0, eventTime=95231, downTime=95231, deviceId=-1, source=0x101 }"
<android.app.Activity: boolean onKeyDown(int,android.view.KeyEvent)>;"23","KeyEvent { action=ACTION_DOWN, keyCode=KEYCODE_DPAD_CENTER, scanCode=0, metaState=0, flags=0x8, repeatCount=0, eventTime=66704, downTime=66704, deviceId=-1, source=0x101 }"
<android.app.Activity: boolean onKeyDown(int,android.view.KeyEvent)>;"249","KeyEvent { action=ACTION_DOWN, keyCode=KEYCODE_TV_INPUT_COMPONENT_1, scanCode=0, metaState=0, flags=0x8, repeatCount=0, eventTime=59479, downTime=59479, deviceId=-1, source=0x101 }"
<android.app.Activity: boolean onKeyDown(int,android.view.KeyEvent)>;"21","KeyEvent { action=ACTION_DOWN, keyCode=KEYCODE_DPAD_LEFT, scanCode=0, metaState=0, flags=0x400, repeatCount=0, eventTime=98823, downTime=98823, deviceId=-1, source=0x101 }"
<android.app.Activity: boolean onKeyDown(int,android.view.KeyEvent)>;"82","KeyEvent { action=ACTION_DOWN, keyCode=KEYCODE_MENU, scanCode=0, metaState=0, flags=0x8, repeatCount=0, eventTime=178223, downTime=178223, deviceId=-1, source=0x101 }"
<android.app.Activity: boolean onKeyDown(int,android.view.KeyEvent)>;"19","KeyEvent { action=ACTION_DOWN, keyCode=KEYCODE_DPAD_UP, scanCode=0, metaState=0, flags=0x400, repeatCount=0, eventTime=60545, downTime=60545, deviceId=-1, source=0x101 }"
<android.app.Activity: boolean onKeyDown(int,android.view.KeyEvent)>;"171","KeyEvent { action=ACTION_DOWN, keyCode=KEYCODE_WINDOW, scanCode=0, metaState=0, flags=0x8, repeatCount=0, eventTime=199540, downTime=199540, deviceId=-1, source=0x101 }"
<android.app.Activity: boolean onKeyDown(int,android.view.KeyEvent)>;"20","KeyEvent { action=ACTION_DOWN, keyCode=KEYCODE_DPAD_DOWN, scanCode=0, metaState=0, flags=0x8, repeatCount=0, eventTime=92160, downTime=92160, deviceId=-1, source=0x101 }"
<android.app.Activity: boolean onKeyDown(int,android.view.KeyEvent)>;"19","KeyEvent { action=ACTION_DOWN, keyCode=KEYCODE_DPAD_UP, scanCode=0, metaState=0, flags=0x400, repeatCount=0, eventTime=53869, downTime=53869, deviceId=-1, source=0x101 }"
<android.app.Activity: boolean onKeyDown(int,android.view.KeyEvent)>;"198","KeyEvent { action=ACTION_DOWN, keyCode=KEYCODE_BUTTON_11, scanCode=0, metaState=0, flags=0x8, repeatCount=0, eventTime=185268, downTime=185268, deviceId=-1, source=0x101 }"
<android.app.Activity: boolean onKeyDown(int,android.view.KeyEvent)>;"19","KeyEvent { action=ACTION_DOWN, keyCode=KEYCODE_DPAD_UP, scanCode=0, metaState=0, flags=0x400, repeatCount=0, eventTime=123390, downTime=123390, deviceId=-1, source=0x101 }"
<android.app.Activity: boolean onKeyDown(int,android.view.KeyEvent)>;"19","KeyEvent { action=ACTION_DOWN, keyCode=KEYCODE_DPAD_UP, scanCode=0, metaState=0, flags=0x400, repeatCount=0, eventTime=154725, downTime=154725, deviceId=-1, source=0x101 }"
<android.app.Activity: boolean onKeyDown(int,android.view.KeyEvent)>;"21","KeyEvent { action=ACTION_DOWN, keyCode=KEYCODE_DPAD_LEFT, scanCode=0, metaState=0, flags=0x400, repeatCount=0, eventTime=54456, downTime=54456, deviceId=-1, source=0x101 }"
<android.app.Activity: boolean onKeyDown(int,android.view.KeyEvent)>;"19","KeyEvent { action=ACTION_DOWN, keyCode=KEYCODE_DPAD_UP, scanCode=0, metaState=0, flags=0x400, repeatCount=0, eventTime=93198, downTime=93198, deviceId=-1, source=0x101 }"
<android.app.Activity: boolean onKeyDown(int,android.view.KeyEvent)>;"82","KeyEvent { action=ACTION_DOWN, keyCode=KEYCODE_MENU, scanCode=0, metaState=0, flags=0x8, repeatCount=0, eventTime=84957, downTime=84957, deviceId=-1, source=0x101 }"
<android.app.Activity: boolean onKeyDown(int,android.view.KeyEvent)>;"20","KeyEvent { action=ACTION_DOWN, keyCode=KEYCODE_DPAD_DOWN, scanCode=0, metaState=0, flags=0x400, repeatCount=0, eventTime=51622, downTime=51622, deviceId=-1, source=0x101 }"
<android.app.Activity: boolean onKeyDown(int,android.view.KeyEvent)>;"19","KeyEvent { action=ACTION_DOWN, keyCode=KEYCODE_DPAD_UP, scanCode=0, metaState=0, flags=0x8, repeatCount=0, eventTime=80922, downTime=80922, deviceId=-1, source=0x101 }"
<android.app.Activity: boolean onKeyDown(int,android.view.KeyEvent)>;"20","KeyEvent { action=ACTION_DOWN, keyCode=KEYCODE_DPAD_DOWN, scanCode=0, metaState=0, flags=0x400, repeatCount=0, eventTime=60531, downTime=60531, deviceId=-1, source=0x101 }"
<android.app.Activity: boolean onKeyDown(int,android.view.KeyEvent)>;"21","KeyEvent { action=ACTION_DOWN, keyCode=KEYCODE_DPAD_LEFT, scanCode=0, metaState=0, flags=0x400, repeatCount=0, eventTime=72759, downTime=72759, deviceId=-1, source=0x101 }"
<android.app.Activity: boolean onKeyDown(int,android.view.KeyEvent)>;"20","KeyEvent { action=ACTION_DOWN, keyCode=KEYCODE_DPAD_DOWN, scanCode=0, metaState=0, flags=0x400, repeatCount=0, eventTime=55530, downTime=55530, deviceId=-1, source=0x101 }"
<android.app.Activity: boolean onKeyDown(int,android.view.KeyEvent)>;"20","KeyEvent { action=ACTION_DOWN, keyCode=KEYCODE_DPAD_DOWN, scanCode=0, metaState=0, flags=0x400, repeatCount=0, eventTime=60532, downTime=60532, deviceId=-1, source=0x101 }"
<android.app.Activity: boolean onKeyDown(int,android.view.KeyEvent)>;"20","KeyEvent { action=ACTION_DOWN, keyCode=KEYCODE_DPAD_DOWN, scanCode=0, metaState=0, flags=0x400, repeatCount=0, eventTime=55515, downTime=55515, deviceId=-1, source=0x101 }"
<android.app.Activity: boolean onKeyDown(int,android.view.KeyEvent)>;"20","KeyEvent { action=ACTION_DOWN, keyCode=KEYCODE_DPAD_DOWN, scanCode=0, metaState=0, flags=0x400, repeatCount=0, eventTime=62839, downTime=62839, deviceId=-1, source=0x101 }"
<android.app.Activity: boolean onKeyDown(int,android.view.KeyEvent)>;"22","KeyEvent { action=ACTION_DOWN, keyCode=KEYCODE_DPAD_RIGHT, scanCode=0, metaState=0, flags=0x400, repeatCount=0, eventTime=96740, downTime=96740, deviceId=-1, source=0x101 }"
<android.app.Activity: boolean onKeyDown(int,android.view.KeyEvent)>;"47","KeyEvent { action=ACTION_DOWN, keyCode=KEYCODE_S, scanCode=0, metaState=0, flags=0x8, repeatCount=0, eventTime=106585, downTime=106585, deviceId=-1, source=0x101 }"
<android.app.Activity: boolean onKeyDown(int,android.view.KeyEvent)>;"271","KeyEvent { action=ACTION_DOWN, keyCode=KEYCODE_DPAD_DOWN_RIGHT, scanCode=0, metaState=0, flags=0x8, repeatCount=0, eventTime=63661, downTime=63661, deviceId=-1, source=0x101 }"
<android.app.Activity: boolean onKeyDown(int,android.view.KeyEvent)>;"82","KeyEvent { action=ACTION_DOWN, keyCode=KEYCODE_MENU, scanCode=0, metaState=0, flags=0x8, repeatCount=0, eventTime=151706, downTime=151706, deviceId=-1, source=0x101 }"
<android.app.Activity: boolean onKeyDown(int,android.view.KeyEvent)>;"82","KeyEvent { action=ACTION_DOWN, keyCode=KEYCODE_MENU, scanCode=0, metaState=0, flags=0x8, repeatCount=0, eventTime=97375, downTime=97375, deviceId=-1, source=0x101 }"
<android.app.Activity: boolean onKeyDown(int,android.view.KeyEvent)>;"19","KeyEvent { action=ACTION_DOWN, keyCode=KEYCODE_DPAD_UP, scanCode=0, metaState=0, flags=0x400, repeatCount=0, eventTime=198478, downTime=198478, deviceId=-1, source=0x101 }"
<android.app.Activity: boolean onKeyDown(int,android.view.KeyEvent)>;"19","KeyEvent { action=ACTION_DOWN, keyCode=KEYCODE_DPAD_UP, scanCode=0, metaState=0, flags=0x8, repeatCount=0, eventTime=95296, downTime=95296, deviceId=-1, source=0x101 }"
<android.app.Activity: boolean onKeyDown(int,android.view.KeyEvent)>;"82","KeyEvent { action=ACTION_DOWN, keyCode=KEYCODE_MENU, scanCode=0, metaState=0, flags=0x8, repeatCount=0, eventTime=53400, downTime=53400, deviceId=-1, source=0x101 }"
<android.app.Activity: boolean onKeyDown(int,android.view.KeyEvent)>;"20","KeyEvent { action=ACTION_DOWN, keyCode=KEYCODE_DPAD_DOWN, scanCode=0, metaState=0, flags=0x8, repeatCount=0, eventTime=215562, downTime=215562, deviceId=-1, source=0x101 }"
<android.app.Activity: boolean onKeyDown(int,android.view.KeyEvent)>;"21","KeyEvent { action=ACTION_DOWN, keyCode=KEYCODE_DPAD_LEFT, scanCode=0, metaState=0, flags=0x400, repeatCount=0, eventTime=92678, downTime=92678, deviceId=-1, source=0x101 }"
<android.app.Activity: boolean onKeyDown(int,android.view.KeyEvent)>;"19","KeyEvent { action=ACTION_DOWN, keyCode=KEYCODE_DPAD_UP, scanCode=0, metaState=0, flags=0x400, repeatCount=0, eventTime=72807, downTime=72807, deviceId=-1, source=0x101 }"
<android.app.Activity: boolean onKeyDown(int,android.view.KeyEvent)>;"19","KeyEvent { action=ACTION_DOWN, keyCode=KEYCODE_DPAD_UP, scanCode=0, metaState=0, flags=0x400, repeatCount=0, eventTime=61117, downTime=61117, deviceId=-1, source=0x101 }"
<android.app.Activity: boolean onKeyDown(int,android.view.KeyEvent)>;"23","KeyEvent { action=ACTION_DOWN, keyCode=KEYCODE_DPAD_CENTER, scanCode=0, metaState=0, flags=0x8, repeatCount=0, eventTime=118715, downTime=118715, deviceId=-1, source=0x101 }"
<android.app.Activity: boolean onKeyDown(int,android.view.KeyEvent)>;"22","KeyEvent { action=ACTION_DOWN, keyCode=KEYCODE_DPAD_RIGHT, scanCode=0, metaState=0, flags=0x8, repeatCount=0, eventTime=192345, downTime=192345, deviceId=-1, source=0x101 }"
<android.app.Activity: boolean onKeyDown(int,android.view.KeyEvent)>;"19","KeyEvent { action=ACTION_DOWN, keyCode=KEYCODE_DPAD_UP, scanCode=0, metaState=0, flags=0x8, repeatCount=0, eventTime=47476, downTime=47476, deviceId=-1, source=0x101 }"
<android.app.Activity: boolean onKeyDown(int,android.view.KeyEvent)>;"23","KeyEvent { action=ACTION_DOWN, keyCode=KEYCODE_DPAD_CENTER, scanCode=0, metaState=0, flags=0x400, repeatCount=0, eventTime=111716, downTime=111716, deviceId=-1, source=0x101 }"
<android.app.Activity: boolean onKeyDown(int,android.view.KeyEvent)>;"105","KeyEvent { action=ACTION_DOWN, keyCode=KEYCODE_BUTTON_R2, scanCode=0, metaState=0, flags=0x8, repeatCount=0, eventTime=203415, downTime=203415, deviceId=-1, source=0x101 }"
<android.app.Activity: boolean onKeyDown(int,android.view.KeyEvent)>;"23","KeyEvent { action=ACTION_DOWN, keyCode=KEYCODE_DPAD_CENTER, scanCode=0, metaState=0, flags=0x8, repeatCount=0, eventTime=51106, downTime=51106, deviceId=-1, source=0x101 }"
<android.app.Activity: boolean onKeyDown(int,android.view.KeyEvent)>;"20","KeyEvent { action=ACTION_DOWN, keyCode=KEYCODE_DPAD_DOWN, scanCode=0, metaState=0, flags=0x8, repeatCount=0, eventTime=147616, downTime=147616, deviceId=-1, source=0x101 }"
<android.app.Activity: boolean onKeyDown(int,android.view.KeyEvent)>;"22","KeyEvent { action=ACTION_DOWN, keyCode=KEYCODE_DPAD_RIGHT, scanCode=0, metaState=0, flags=0x8, repeatCount=0, eventTime=55366, downTime=55366, deviceId=-1, source=0x101 }"
<android.app.Activity: boolean onKeyDown(int,android.view.KeyEvent)>;"22","KeyEvent { action=ACTION_DOWN, keyCode=KEYCODE_DPAD_RIGHT, scanCode=0, metaState=0, flags=0x400, repeatCount=0, eventTime=51661, downTime=51661, deviceId=-1, source=0x101 }"
<android.app.Activity: boolean onKeyDown(int,android.view.KeyEvent)>;"20","KeyEvent { action=ACTION_DOWN, keyCode=KEYCODE_DPAD_DOWN, scanCode=0, metaState=0, flags=0x400, repeatCount=0, eventTime=96798, downTime=96798, deviceId=-1, source=0x101 }"
<android.app.Activity: boolean onKeyDown(int,android.view.KeyEvent)>;"19","KeyEvent { action=ACTION_DOWN, keyCode=KEYCODE_DPAD_UP, scanCode=0, metaState=0, flags=0x400, repeatCount=0, eventTime=161863, downTime=161863, deviceId=-1, source=0x101 }"
<android.app.Activity: boolean onKeyDown(int,android.view.KeyEvent)>;"20","KeyEvent { action=ACTION_DOWN, keyCode=KEYCODE_DPAD_DOWN, scanCode=0, metaState=0, flags=0x8, repeatCount=0, eventTime=105046, downTime=105046, deviceId=-1, source=0x101 }"
<android.app.Activity: boolean onKeyDown(int,android.view.KeyEvent)>;"21","KeyEvent { action=ACTION_DOWN, keyCode=KEYCODE_DPAD_LEFT, scanCode=0, metaState=0, flags=0x8, repeatCount=0, eventTime=103365, downTime=103365, deviceId=-1, source=0x101 }"
<android.app.Activity: boolean onKeyDown(int,android.view.KeyEvent)>;"21","KeyEvent { action=ACTION_DOWN, keyCode=KEYCODE_DPAD_LEFT, scanCode=0, metaState=0, flags=0x400, repeatCount=0, eventTime=53895, downTime=53895, deviceId=-1, source=0x101 }"
<android.app.Activity: boolean onKeyDown(int,android.view.KeyEvent)>;"20","KeyEvent { action=ACTION_DOWN, keyCode=KEYCODE_DPAD_DOWN, scanCode=0, metaState=0, flags=0x400, repeatCount=0, eventTime=123401, downTime=123401, deviceId=-1, source=0x101 }"
<android.app.Activity: boolean onKeyDown(int,android.view.KeyEvent)>;"20","KeyEvent { action=ACTION_DOWN, keyCode=KEYCODE_DPAD_DOWN, scanCode=0, metaState=0, flags=0x400, repeatCount=0, eventTime=218073, downTime=218073, deviceId=-1, source=0x101 }"
<android.app.Activity: void setVolumeControlStream(int)>;"3"
<android.app.Activity: boolean onKeyDown(int,android.view.KeyEvent)>;"22","KeyEvent { action=ACTION_DOWN, keyCode=KEYCODE_DPAD_RIGHT, scanCode=0, metaState=0, flags=0x8, repeatCount=0, eventTime=113673, downTime=113673, deviceId=-1, source=0x101 }"
<android.app.Activity: boolean onKeyDown(int,android.view.KeyEvent)>;"21","KeyEvent { action=ACTION_DOWN, keyCode=KEYCODE_DPAD_LEFT, scanCode=0, metaState=0, flags=0x8, repeatCount=0, eventTime=61575, downTime=61575, deviceId=-1, source=0x101 }"
<android.app.Activity: boolean onKeyDown(int,android.view.KeyEvent)>;"19","KeyEvent { action=ACTION_DOWN, keyCode=KEYCODE_DPAD_UP, scanCode=0, metaState=0, flags=0x400, repeatCount=0, eventTime=205607, downTime=205607, deviceId=-1, source=0x101 }"
<android.app.Activity: boolean onKeyDown(int,android.view.KeyEvent)>;"19","KeyEvent { action=ACTION_DOWN, keyCode=KEYCODE_DPAD_UP, scanCode=0, metaState=0, flags=0x8, repeatCount=0, eventTime=117688, downTime=117688, deviceId=-1, source=0x101 }"
<android.app.Activity: boolean onKeyDown(int,android.view.KeyEvent)>;"19","KeyEvent { action=ACTION_DOWN, keyCode=KEYCODE_DPAD_UP, scanCode=0, metaState=0, flags=0x8, repeatCount=0, eventTime=200542, downTime=200542, deviceId=-1, source=0x101 }"
<android.app.Activity: boolean onKeyDown(int,android.view.KeyEvent)>;"20","KeyEvent { action=ACTION_DOWN, keyCode=KEYCODE_DPAD_DOWN, scanCode=0, metaState=0, flags=0x400, repeatCount=0, eventTime=86347, downTime=86347, deviceId=-1, source=0x101 }"
<android.app.Activity: boolean onKeyDown(int,android.view.KeyEvent)>;"23","KeyEvent { action=ACTION_DOWN, keyCode=KEYCODE_DPAD_CENTER, scanCode=0, metaState=0, flags=0x400, repeatCount=0, eventTime=125405, downTime=125405, deviceId=-1, source=0x101 }"
<android.app.Activity: boolean onKeyDown(int,android.view.KeyEvent)>;"22","KeyEvent { action=ACTION_DOWN, keyCode=KEYCODE_DPAD_RIGHT, scanCode=0, metaState=0, flags=0x400, repeatCount=0, eventTime=84062, downTime=84062, deviceId=-1, source=0x101 }"
<android.app.Activity: boolean onKeyDown(int,android.view.KeyEvent)>;"22","KeyEvent { action=ACTION_DOWN, keyCode=KEYCODE_DPAD_RIGHT, scanCode=0, metaState=0, flags=0x400, repeatCount=0, eventTime=64924, downTime=64924, deviceId=-1, source=0x101 }"
<android.app.Activity: boolean onKeyDown(int,android.view.KeyEvent)>;"22","KeyEvent { action=ACTION_DOWN, keyCode=KEYCODE_DPAD_RIGHT, scanCode=0, metaState=0, flags=0x400, repeatCount=0, eventTime=119205, downTime=119205, deviceId=-1, source=0x101 }"
<android.app.Activity: boolean onKeyDown(int,android.view.KeyEvent)>;"82","KeyEvent { action=ACTION_DOWN, keyCode=KEYCODE_MENU, scanCode=0, metaState=0, flags=0x8, repeatCount=0, eventTime=218065, downTime=218065, deviceId=-1, source=0x101 }"
<android.app.Activity: boolean onKeyDown(int,android.view.KeyEvent)>;"22","KeyEvent { action=ACTION_DOWN, keyCode=KEYCODE_DPAD_RIGHT, scanCode=0, metaState=0, flags=0x8, repeatCount=0, eventTime=102338, downTime=102338, deviceId=-1, source=0x101 }"
<android.app.Activity: boolean onKeyDown(int,android.view.KeyEvent)>;"21","KeyEvent { action=ACTION_DOWN, keyCode=KEYCODE_DPAD_LEFT, scanCode=0, metaState=0, flags=0x400, repeatCount=0, eventTime=187328, downTime=187328, deviceId=-1, source=0x101 }"
<android.app.Activity: boolean onKeyDown(int,android.view.KeyEvent)>;"20","KeyEvent { action=ACTION_DOWN, keyCode=KEYCODE_DPAD_DOWN, scanCode=0, metaState=0, flags=0x400, repeatCount=0, eventTime=199373, downTime=199373, deviceId=-1, source=0x101 }"
<android.app.Activity: boolean onKeyDown(int,android.view.KeyEvent)>;"23","KeyEvent { action=ACTION_DOWN, keyCode=KEYCODE_DPAD_CENTER, scanCode=0, metaState=0, flags=0x8, repeatCount=0, eventTime=99881, downTime=99881, deviceId=-1, source=0x101 }"
<android.app.Activity: boolean onKeyDown(int,android.view.KeyEvent)>;"19","KeyEvent { action=ACTION_DOWN, keyCode=KEYCODE_DPAD_UP, scanCode=0, metaState=0, flags=0x8, repeatCount=0, eventTime=184285, downTime=184285, deviceId=-1, source=0x101 }"
<android.app.Activity: boolean onKeyDown(int,android.view.KeyEvent)>;"21","KeyEvent { action=ACTION_DOWN, keyCode=KEYCODE_DPAD_LEFT, scanCode=0, metaState=0, flags=0x8, repeatCount=0, eventTime=71717, downTime=71717, deviceId=-1, source=0x101 }"
<android.app.Activity: boolean onKeyDown(int,android.view.KeyEvent)>;"19","KeyEvent { action=ACTION_DOWN, keyCode=KEYCODE_DPAD_UP, scanCode=0, metaState=0, flags=0x400, repeatCount=0, eventTime=72819, downTime=72819, deviceId=-1, source=0x101 }"
<android.app.Activity: boolean onKeyDown(int,android.view.KeyEvent)>;"20","KeyEvent { action=ACTION_DOWN, keyCode=KEYCODE_DPAD_DOWN, scanCode=0, metaState=0, flags=0x8, repeatCount=0, eventTime=89104, downTime=89104, deviceId=-1, source=0x101 }"
<android.app.Activity: boolean onKeyDown(int,android.view.KeyEvent)>;"21","KeyEvent { action=ACTION_DOWN, keyCode=KEYCODE_DPAD_LEFT, scanCode=0, metaState=0, flags=0x8, repeatCount=0, eventTime=68539, downTime=68539, deviceId=-1, source=0x101 }"
<android.app.Activity: boolean onKeyDown(int,android.view.KeyEvent)>;"22","KeyEvent { action=ACTION_DOWN, keyCode=KEYCODE_DPAD_RIGHT, scanCode=0, metaState=0, flags=0x400, repeatCount=0, eventTime=72843, downTime=72843, deviceId=-1, source=0x101 }"
<android.app.Activity: boolean onKeyDown(int,android.view.KeyEvent)>;"22","KeyEvent { action=ACTION_DOWN, keyCode=KEYCODE_DPAD_RIGHT, scanCode=0, metaState=0, flags=0x8, repeatCount=0, eventTime=107587, downTime=107587, deviceId=-1, source=0x101 }"
<android.app.Activity: boolean onKeyDown(int,android.view.KeyEvent)>;"40","KeyEvent { action=ACTION_DOWN, keyCode=KEYCODE_L, scanCode=0, metaState=0, flags=0x8, repeatCount=0, eventTime=75891, downTime=75891, deviceId=-1, source=0x101 }"
<android.app.Activity: boolean onKeyDown(int,android.view.KeyEvent)>;"4","KeyEvent { action=ACTION_DOWN, keyCode=KEYCODE_BACK, scanCode=0, metaState=0, flags=0x8, repeatCount=0, eventTime=175147, downTime=175147, deviceId=-1, source=0x101 }"
<android.app.Activity: boolean onKeyDown(int,android.view.KeyEvent)>;"82","KeyEvent { action=ACTION_DOWN, keyCode=KEYCODE_MENU, scanCode=0, metaState=0, flags=0x8, repeatCount=0, eventTime=176135, downTime=176135, deviceId=-1, source=0x101 }"
<android.app.Activity: boolean onKeyDown(int,android.view.KeyEvent)>;"22","KeyEvent { action=ACTION_DOWN, keyCode=KEYCODE_DPAD_RIGHT, scanCode=0, metaState=0, flags=0x8, repeatCount=0, eventTime=71801, downTime=71801, deviceId=-1, source=0x101 }"
<android.app.Activity: boolean onKeyDown(int,android.view.KeyEvent)>;"20","KeyEvent { action=ACTION_DOWN, keyCode=KEYCODE_DPAD_DOWN, scanCode=0, metaState=0, flags=0x8, repeatCount=0, eventTime=165942, downTime=165942, deviceId=-1, source=0x101 }"
<android.app.Activity: boolean onKeyDown(int,android.view.KeyEvent)>;"82","KeyEvent { action=ACTION_DOWN, keyCode=KEYCODE_MENU, scanCode=0, metaState=0, flags=0x8, repeatCount=0, eventTime=172594, downTime=172594, deviceId=-1, source=0x101 }"
<android.app.Activity: boolean onKeyDown(int,android.view.KeyEvent)>;"22","KeyEvent { action=ACTION_DOWN, keyCode=KEYCODE_DPAD_RIGHT, scanCode=0, metaState=0, flags=0x8, repeatCount=0, eventTime=161820, downTime=161820, deviceId=-1, source=0x101 }"
<android.app.Activity: boolean onKeyDown(int,android.view.KeyEvent)>;"19","KeyEvent { action=ACTION_DOWN, keyCode=KEYCODE_DPAD_UP, scanCode=0, metaState=0, flags=0x400, repeatCount=0, eventTime=86272, downTime=86272, deviceId=-1, source=0x101 }"
<android.app.Activity: boolean onKeyDown(int,android.view.KeyEvent)>;"23","KeyEvent { action=ACTION_DOWN, keyCode=KEYCODE_DPAD_CENTER, scanCode=0, metaState=0, flags=0x8, repeatCount=0, eventTime=201548, downTime=201548, deviceId=-1, source=0x101 }"
<android.app.Activity: boolean onKeyDown(int,android.view.KeyEvent)>;"22","KeyEvent { action=ACTION_DOWN, keyCode=KEYCODE_DPAD_RIGHT, scanCode=0, metaState=0, flags=0x400, repeatCount=0, eventTime=98841, downTime=98841, deviceId=-1, source=0x101 }"
<android.app.Activity: boolean onKeyDown(int,android.view.KeyEvent)>;"19","KeyEvent { action=ACTION_DOWN, keyCode=KEYCODE_DPAD_UP, scanCode=0, metaState=0, flags=0x8, repeatCount=0, eventTime=76894, downTime=76894, deviceId=-1, source=0x101 }"
<android.app.Activity: boolean onKeyDown(int,android.view.KeyEvent)>;"22","KeyEvent { action=ACTION_DOWN, keyCode=KEYCODE_DPAD_RIGHT, scanCode=0, metaState=0, flags=0x400, repeatCount=0, eventTime=53939, downTime=53939, deviceId=-1, source=0x101 }"
<android.app.Activity: boolean onKeyDown(int,android.view.KeyEvent)>;"20","KeyEvent { action=ACTION_DOWN, keyCode=KEYCODE_DPAD_DOWN, scanCode=0, metaState=0, flags=0x400, repeatCount=0, eventTime=129110, downTime=129110, deviceId=-1, source=0x101 }"
<android.app.Activity: boolean onKeyDown(int,android.view.KeyEvent)>;"20","KeyEvent { action=ACTION_DOWN, keyCode=KEYCODE_DPAD_DOWN, scanCode=0, metaState=0, flags=0x400, repeatCount=0, eventTime=117050, downTime=117050, deviceId=-1, source=0x101 }"
<android.app.Activity: boolean onKeyDown(int,android.view.KeyEvent)>;"82","KeyEvent { action=ACTION_DOWN, keyCode=KEYCODE_MENU, scanCode=0, metaState=0, flags=0x8, repeatCount=0, eventTime=134760, downTime=134760, deviceId=-1, source=0x101 }"
<android.app.Activity: boolean onKeyDown(int,android.view.KeyEvent)>;"82","KeyEvent { action=ACTION_DOWN, keyCode=KEYCODE_MENU, scanCode=0, metaState=0, flags=0x8, repeatCount=0, eventTime=96232, downTime=96232, deviceId=-1, source=0x101 }"
<android.app.Activity: boolean onKeyDown(int,android.view.KeyEvent)>;"21","KeyEvent { action=ACTION_DOWN, keyCode=KEYCODE_DPAD_LEFT, scanCode=0, metaState=0, flags=0x8, repeatCount=0, eventTime=145579, downTime=145579, deviceId=-1, source=0x101 }"
<android.app.Activity: boolean onKeyDown(int,android.view.KeyEvent)>;"19","KeyEvent { action=ACTION_DOWN, keyCode=KEYCODE_DPAD_UP, scanCode=0, metaState=0, flags=0x400, repeatCount=0, eventTime=53936, downTime=53936, deviceId=-1, source=0x101 }"
<android.app.Activity: void setContentView(android.view.View)>;"com.donutgames.dgkit.DGLayout{f10e604 V.E...... ......I. 0,0-0,0}"
<android.app.Activity: boolean onKeyDown(int,android.view.KeyEvent)>;"23","KeyEvent { action=ACTION_DOWN, keyCode=KEYCODE_DPAD_CENTER, scanCode=0, metaState=0, flags=0x8, repeatCount=0, eventTime=209747, downTime=209747, deviceId=-1, source=0x101 }"
<android.app.Activity: boolean onKeyDown(int,android.view.KeyEvent)>;"21","KeyEvent { action=ACTION_DOWN, keyCode=KEYCODE_DPAD_LEFT, scanCode=0, metaState=0, flags=0x400, repeatCount=0, eventTime=104583, downTime=104583, deviceId=-1, source=0x101 }"
<android.app.Activity: boolean onKeyDown(int,android.view.KeyEvent)>;"23","KeyEvent { action=ACTION_DOWN, keyCode=KEYCODE_DPAD_CENTER, scanCode=0, metaState=0, flags=0x8, repeatCount=0, eventTime=54438, downTime=54438, deviceId=-1, source=0x101 }"
<android.app.Activity: boolean onKeyDown(int,android.view.KeyEvent)>;"5","KeyEvent { action=ACTION_DOWN, keyCode=KEYCODE_CALL, scanCode=0, metaState=0, flags=0x8, repeatCount=0, eventTime=108630, downTime=108630, deviceId=-1, source=0x101 }"
<android.app.Activity: boolean onKeyDown(int,android.view.KeyEvent)>;"20","KeyEvent { action=ACTION_DOWN, keyCode=KEYCODE_DPAD_DOWN, scanCode=0, metaState=0, flags=0x8, repeatCount=0, eventTime=74872, downTime=74872, deviceId=-1, source=0x101 }"
<android.app.Activity: boolean onKeyDown(int,android.view.KeyEvent)>;"19","KeyEvent { action=ACTION_DOWN, keyCode=KEYCODE_DPAD_UP, scanCode=0, metaState=0, flags=0x400, repeatCount=0, eventTime=199516, downTime=199516, deviceId=-1, source=0x101 }"
<android.app.Activity: boolean onKeyDown(int,android.view.KeyEvent)>;"192","KeyEvent { action=ACTION_DOWN, keyCode=KEYCODE_BUTTON_5, scanCode=0, metaState=0, flags=0x8, repeatCount=0, eventTime=102515, downTime=102515, deviceId=-1, source=0x101 }"
<android.app.Activity: boolean onKeyDown(int,android.view.KeyEvent)>;"19","KeyEvent { action=ACTION_DOWN, keyCode=KEYCODE_DPAD_UP, scanCode=0, metaState=0, flags=0x400, repeatCount=0, eventTime=107096, downTime=107096, deviceId=-1, source=0x101 }"
<android.app.Activity: boolean onKeyDown(int,android.view.KeyEvent)>;"20","KeyEvent { action=ACTION_DOWN, keyCode=KEYCODE_DPAD_DOWN, scanCode=0, metaState=0, flags=0x400, repeatCount=0, eventTime=87026, downTime=87026, deviceId=-1, source=0x101 }"
<android.app.Activity: boolean onKeyDown(int,android.view.KeyEvent)>;"23","KeyEvent { action=ACTION_DOWN, keyCode=KEYCODE_DPAD_CENTER, scanCode=0, metaState=0, flags=0x400, repeatCount=0, eventTime=72819, downTime=72819, deviceId=-1, source=0x101 }"
<android.app.Activity: void startActivity(android.content.Intent)>;"Intent { act=android.intent.action.VIEW dat=http://www.facebook.com/... }"
<android.app.Activity: boolean onKeyDown(int,android.view.KeyEvent)>;"19","KeyEvent { action=ACTION_DOWN, keyCode=KEYCODE_DPAD_UP, scanCode=0, metaState=0, flags=0x400, repeatCount=0, eventTime=62816, downTime=62816, deviceId=-1, source=0x101 }"
<android.app.Activity: boolean onKeyDown(int,android.view.KeyEvent)>;"19","KeyEvent { action=ACTION_DOWN, keyCode=KEYCODE_DPAD_UP, scanCode=0, metaState=0, flags=0x8, repeatCount=0, eventTime=175074, downTime=175074, deviceId=-1, source=0x101 }"
<android.app.Activity: boolean onKeyDown(int,android.view.KeyEvent)>;"20","KeyEvent { action=ACTION_DOWN, keyCode=KEYCODE_DPAD_DOWN, scanCode=0, metaState=0, flags=0x400, repeatCount=0, eventTime=119771, downTime=119771, deviceId=-1, source=0x101 }"
<android.app.Activity: boolean onKeyDown(int,android.view.KeyEvent)>;"21","KeyEvent { action=ACTION_DOWN, keyCode=KEYCODE_DPAD_LEFT, scanCode=0, metaState=0, flags=0x8, repeatCount=0, eventTime=201536, downTime=201536, deviceId=-1, source=0x101 }"
<android.app.Activity: boolean onKeyDown(int,android.view.KeyEvent)>;"185","KeyEvent { action=ACTION_DOWN, keyCode=KEYCODE_PROG_YELLOW, scanCode=0, metaState=0, flags=0x8, repeatCount=0, eventTime=205619, downTime=205619, deviceId=-1, source=0x101 }"
<android.app.Activity: boolean onKeyDown(int,android.view.KeyEvent)>;"20","KeyEvent { action=ACTION_DOWN, keyCode=KEYCODE_DPAD_DOWN, scanCode=0, metaState=0, flags=0x8, repeatCount=0, eventTime=216582, downTime=216582, deviceId=-1, source=0x101 }"
<android.app.Activity: boolean onKeyDown(int,android.view.KeyEvent)>;"22","KeyEvent { action=ACTION_DOWN, keyCode=KEYCODE_DPAD_RIGHT, scanCode=0, metaState=0, flags=0x8, repeatCount=0, eventTime=190380, downTime=190380, deviceId=-1, source=0x101 }"
<android.app.Activity: boolean onKeyDown(int,android.view.KeyEvent)>;"19","KeyEvent { action=ACTION_DOWN, keyCode=KEYCODE_DPAD_UP, scanCode=0, metaState=0, flags=0x400, repeatCount=0, eventTime=129561, downTime=129561, deviceId=-1, source=0x101 }"
<android.app.Activity: boolean onKeyDown(int,android.view.KeyEvent)>;"24","KeyEvent { action=ACTION_DOWN, keyCode=KEYCODE_VOLUME_UP, scanCode=0, metaState=0, flags=0x8, repeatCount=0, eventTime=104369, downTime=104369, deviceId=-1, source=0x101 }"
<android.app.Activity: boolean onKeyDown(int,android.view.KeyEvent)>;"145","KeyEvent { action=ACTION_DOWN, keyCode=KEYCODE_NUMPAD_1, scanCode=0, metaState=0, flags=0x8, repeatCount=0, eventTime=103562, downTime=103562, deviceId=-1, source=0x101 }"
<android.app.Activity: boolean onKeyDown(int,android.view.KeyEvent)>;"279","KeyEvent { action=ACTION_DOWN, keyCode=KEYCODE_PASTE, scanCode=0, metaState=0, flags=0x8, repeatCount=0, eventTime=131576, downTime=131576, deviceId=-1, source=0x101 }"
<android.app.Activity: boolean onKeyDown(int,android.view.KeyEvent)>;"73","KeyEvent { action=ACTION_DOWN, keyCode=KEYCODE_BACKSLASH, scanCode=0, metaState=0, flags=0x8, repeatCount=0, eventTime=90139, downTime=90139, deviceId=-1, source=0x101 }"
<android.app.Activity: boolean onKeyDown(int,android.view.KeyEvent)>;"21","KeyEvent { action=ACTION_DOWN, keyCode=KEYCODE_DPAD_LEFT, scanCode=0, metaState=0, flags=0x8, repeatCount=0, eventTime=71365, downTime=71365, deviceId=-1, source=0x101 }"
<android.app.Activity: boolean onKeyDown(int,android.view.KeyEvent)>;"20","KeyEvent { action=ACTION_DOWN, keyCode=KEYCODE_DPAD_DOWN, scanCode=0, metaState=0, flags=0x8, repeatCount=0, eventTime=60751, downTime=60751, deviceId=-1, source=0x101 }"
<android.app.Activity: boolean onKeyDown(int,android.view.KeyEvent)>;"279","KeyEvent { action=ACTION_DOWN, keyCode=KEYCODE_PASTE, scanCode=0, metaState=0, flags=0x8, repeatCount=0, eventTime=49526, downTime=49526, deviceId=-1, source=0x101 }"
<android.app.Activity: boolean onKeyDown(int,android.view.KeyEvent)>;"20","KeyEvent { action=ACTION_DOWN, keyCode=KEYCODE_DPAD_DOWN, scanCode=0, metaState=0, flags=0x8, repeatCount=0, eventTime=122779, downTime=122779, deviceId=-1, source=0x101 }"
<android.app.Activity: boolean onKeyDown(int,android.view.KeyEvent)>;"21","KeyEvent { action=ACTION_DOWN, keyCode=KEYCODE_DPAD_LEFT, scanCode=0, metaState=0, flags=0x400, repeatCount=0, eventTime=57661, downTime=57661, deviceId=-1, source=0x101 }"
<android.app.Activity: boolean onKeyDown(int,android.view.KeyEvent)>;"23","KeyEvent { action=ACTION_DOWN, keyCode=KEYCODE_DPAD_CENTER, scanCode=0, metaState=0, flags=0x8, repeatCount=0, eventTime=111650, downTime=111650, deviceId=-1, source=0x101 }"
<android.app.Activity: boolean onKeyDown(int,android.view.KeyEvent)>;"19","KeyEvent { action=ACTION_DOWN, keyCode=KEYCODE_DPAD_UP, scanCode=0, metaState=0, flags=0x400, repeatCount=0, eventTime=132641, downTime=132641, deviceId=-1, source=0x101 }"
<android.app.Activity: boolean onKeyDown(int,android.view.KeyEvent)>;"23","KeyEvent { action=ACTION_DOWN, keyCode=KEYCODE_DPAD_CENTER, scanCode=0, metaState=0, flags=0x8, repeatCount=0, eventTime=67709, downTime=67709, deviceId=-1, source=0x101 }"
<android.app.Activity: boolean onKeyDown(int,android.view.KeyEvent)>;"21","KeyEvent { action=ACTION_DOWN, keyCode=KEYCODE_DPAD_LEFT, scanCode=0, metaState=0, flags=0x400, repeatCount=0, eventTime=92670, downTime=92670, deviceId=-1, source=0x101 }"
<android.app.Activity: boolean onKeyDown(int,android.view.KeyEvent)>;"22","KeyEvent { action=ACTION_DOWN, keyCode=KEYCODE_DPAD_RIGHT, scanCode=0, metaState=0, flags=0x400, repeatCount=0, eventTime=167001, downTime=167001, deviceId=-1, source=0x101 }"
<android.app.Activity: boolean onKeyDown(int,android.view.KeyEvent)>;"20","KeyEvent { action=ACTION_DOWN, keyCode=KEYCODE_DPAD_DOWN, scanCode=0, metaState=0, flags=0x400, repeatCount=0, eventTime=111658, downTime=111658, deviceId=-1, source=0x101 }"
<android.app.Activity: void setContentView(android.view.View)>;"com.donutgames.dgkit.DGLayout{6102456 V.E...... ......I. 0,0-0,0}"
<android.app.Activity: boolean onKeyDown(int,android.view.KeyEvent)>;"19","KeyEvent { action=ACTION_DOWN, keyCode=KEYCODE_DPAD_UP, scanCode=0, metaState=0, flags=0x400, repeatCount=0, eventTime=119186, downTime=119186, deviceId=-1, source=0x101 }"
<android.app.Activity: boolean onKeyDown(int,android.view.KeyEvent)>;"23","KeyEvent { action=ACTION_DOWN, keyCode=KEYCODE_DPAD_CENTER, scanCode=0, metaState=0, flags=0x8, repeatCount=0, eventTime=163908, downTime=163908, deviceId=-1, source=0x101 }"
<android.app.Activity: boolean onKeyDown(int,android.view.KeyEvent)>;"23","KeyEvent { action=ACTION_DOWN, keyCode=KEYCODE_DPAD_CENTER, scanCode=0, metaState=0, flags=0x8, repeatCount=0, eventTime=120263, downTime=120263, deviceId=-1, source=0x101 }"
<android.app.Activity: boolean onKeyDown(int,android.view.KeyEvent)>;"21","KeyEvent { action=ACTION_DOWN, keyCode=KEYCODE_DPAD_LEFT, scanCode=0, metaState=0, flags=0x400, repeatCount=0, eventTime=160795, downTime=160795, deviceId=-1, source=0x101 }"
<android.app.Activity: boolean onKeyDown(int,android.view.KeyEvent)>;"22","KeyEvent { action=ACTION_DOWN, keyCode=KEYCODE_DPAD_RIGHT, scanCode=0, metaState=0, flags=0x8, repeatCount=0, eventTime=143500, downTime=143500, deviceId=-1, source=0x101 }"
<android.app.Activity: boolean onKeyDown(int,android.view.KeyEvent)>;"21","KeyEvent { action=ACTION_DOWN, keyCode=KEYCODE_DPAD_LEFT, scanCode=0, metaState=0, flags=0x400, repeatCount=0, eventTime=73842, downTime=73842, deviceId=-1, source=0x101 }"
<android.app.Activity: boolean onKeyDown(int,android.view.KeyEvent)>;"19","KeyEvent { action=ACTION_DOWN, keyCode=KEYCODE_DPAD_UP, scanCode=0, metaState=0, flags=0x400, repeatCount=0, eventTime=53878, downTime=53878, deviceId=-1, source=0x101 }"
<android.app.Activity: boolean onKeyDown(int,android.view.KeyEvent)>;"21","KeyEvent { action=ACTION_DOWN, keyCode=KEYCODE_DPAD_LEFT, scanCode=0, metaState=0, flags=0x8, repeatCount=0, eventTime=188280, downTime=188280, deviceId=-1, source=0x101 }"
<android.app.Activity: boolean onKeyDown(int,android.view.KeyEvent)>;"20","KeyEvent { action=ACTION_DOWN, keyCode=KEYCODE_DPAD_DOWN, scanCode=0, metaState=0, flags=0x8, repeatCount=0, eventTime=90534, downTime=90534, deviceId=-1, source=0x101 }"
<android.app.Activity: boolean onKeyDown(int,android.view.KeyEvent)>;"20","KeyEvent { action=ACTION_DOWN, keyCode=KEYCODE_DPAD_DOWN, scanCode=0, metaState=0, flags=0x400, repeatCount=0, eventTime=61149, downTime=61149, deviceId=-1, source=0x101 }"
<android.app.Activity: boolean onKeyDown(int,android.view.KeyEvent)>;"23","KeyEvent { action=ACTION_DOWN, keyCode=KEYCODE_DPAD_CENTER, scanCode=0, metaState=0, flags=0x8, repeatCount=0, eventTime=196507, downTime=196507, deviceId=-1, source=0x101 }"
<android.app.Activity: boolean onKeyDown(int,android.view.KeyEvent)>;"20","KeyEvent { action=ACTION_DOWN, keyCode=KEYCODE_DPAD_DOWN, scanCode=0, metaState=0, flags=0x8, repeatCount=0, eventTime=65356, downTime=65356, deviceId=-1, source=0x101 }"
<android.app.Activity: boolean onKeyDown(int,android.view.KeyEvent)>;"19","KeyEvent { action=ACTION_DOWN, keyCode=KEYCODE_DPAD_UP, scanCode=0, metaState=0, flags=0x400, repeatCount=0, eventTime=160812, downTime=160812, deviceId=-1, source=0x101 }"
<android.app.Activity: boolean onKeyDown(int,android.view.KeyEvent)>;"19","KeyEvent { action=ACTION_DOWN, keyCode=KEYCODE_DPAD_UP, scanCode=0, metaState=0, flags=0x400, repeatCount=0, eventTime=129573, downTime=129573, deviceId=-1, source=0x101 }"
<android.app.Activity: boolean onKeyDown(int,android.view.KeyEvent)>;"20","KeyEvent { action=ACTION_DOWN, keyCode=KEYCODE_DPAD_DOWN, scanCode=0, metaState=0, flags=0x8, repeatCount=0, eventTime=121770, downTime=121770, deviceId=-1, source=0x101 }"
<android.app.Activity: boolean onKeyDown(int,android.view.KeyEvent)>;"19","KeyEvent { action=ACTION_DOWN, keyCode=KEYCODE_DPAD_UP, scanCode=0, metaState=0, flags=0x400, repeatCount=0, eventTime=167019, downTime=167019, deviceId=-1, source=0x101 }"
<android.app.Activity: boolean onKeyDown(int,android.view.KeyEvent)>;"21","KeyEvent { action=ACTION_DOWN, keyCode=KEYCODE_DPAD_LEFT, scanCode=0, metaState=0, flags=0x8, repeatCount=0, eventTime=179183, downTime=179183, deviceId=-1, source=0x101 }"
<android.app.Activity: boolean onKeyDown(int,android.view.KeyEvent)>;"20","KeyEvent { action=ACTION_DOWN, keyCode=KEYCODE_DPAD_DOWN, scanCode=0, metaState=0, flags=0x400, repeatCount=0, eventTime=119243, downTime=119243, deviceId=-1, source=0x101 }"
<android.app.Activity: boolean onKeyDown(int,android.view.KeyEvent)>;"20","KeyEvent { action=ACTION_DOWN, keyCode=KEYCODE_DPAD_DOWN, scanCode=0, metaState=0, flags=0x400, repeatCount=0, eventTime=86984, downTime=86984, deviceId=-1, source=0x101 }"
<android.app.Activity: boolean onKeyDown(int,android.view.KeyEvent)>;"23","KeyEvent { action=ACTION_DOWN, keyCode=KEYCODE_DPAD_CENTER, scanCode=0, metaState=0, flags=0x8, repeatCount=0, eventTime=86322, downTime=86322, deviceId=-1, source=0x101 }"
<android.app.Activity: boolean onKeyDown(int,android.view.KeyEvent)>;"21","KeyEvent { action=ACTION_DOWN, keyCode=KEYCODE_DPAD_LEFT, scanCode=0, metaState=0, flags=0x8, repeatCount=0, eventTime=118070, downTime=118070, deviceId=-1, source=0x101 }"
<android.app.Activity: boolean onKeyDown(int,android.view.KeyEvent)>;"20","KeyEvent { action=ACTION_DOWN, keyCode=KEYCODE_DPAD_DOWN, scanCode=0, metaState=0, flags=0x8, repeatCount=0, eventTime=206597, downTime=206597, deviceId=-1, source=0x101 }"
<android.app.Activity: boolean onKeyDown(int,android.view.KeyEvent)>;"20","KeyEvent { action=ACTION_DOWN, keyCode=KEYCODE_DPAD_DOWN, scanCode=0, metaState=0, flags=0x8, repeatCount=0, eventTime=194416, downTime=194416, deviceId=-1, source=0x101 }"
<android.app.Activity: boolean onKeyDown(int,android.view.KeyEvent)>;"23","KeyEvent { action=ACTION_DOWN, keyCode=KEYCODE_DPAD_CENTER, scanCode=0, metaState=0, flags=0x8, repeatCount=0, eventTime=185268, downTime=185268, deviceId=-1, source=0x101 }"
<android.app.Activity: boolean onKeyDown(int,android.view.KeyEvent)>;"124","KeyEvent { action=ACTION_DOWN, keyCode=KEYCODE_INSERT, scanCode=0, metaState=0, flags=0x8, repeatCount=0, eventTime=126424, downTime=126424, deviceId=-1, source=0x101 }"
<android.app.Activity: boolean onKeyDown(int,android.view.KeyEvent)>;"19","KeyEvent { action=ACTION_DOWN, keyCode=KEYCODE_DPAD_UP, scanCode=0, metaState=0, flags=0x400, repeatCount=0, eventTime=198303, downTime=198303, deviceId=-1, source=0x101 }"
<android.view.View: void setKeepScreenOn(boolean)>;"false"
<android.app.Activity: boolean onKeyDown(int,android.view.KeyEvent)>;"19","KeyEvent { action=ACTION_DOWN, keyCode=KEYCODE_DPAD_UP, scanCode=0, metaState=0, flags=0x400, repeatCount=0, eventTime=192048, downTime=192048, deviceId=-1, source=0x101 }"
<android.app.Activity: boolean onKeyDown(int,android.view.KeyEvent)>;"19","KeyEvent { action=ACTION_DOWN, keyCode=KEYCODE_DPAD_UP, scanCode=0, metaState=0, flags=0x8, repeatCount=0, eventTime=105606, downTime=105606, deviceId=-1, source=0x101 }"
<android.app.Activity: boolean onKeyDown(int,android.view.KeyEvent)>;"22","KeyEvent { action=ACTION_DOWN, keyCode=KEYCODE_DPAD_RIGHT, scanCode=0, metaState=0, flags=0x400, repeatCount=0, eventTime=72807, downTime=72807, deviceId=-1, source=0x101 }"
<android.app.Activity: boolean onKeyDown(int,android.view.KeyEvent)>;"23","KeyEvent { action=ACTION_DOWN, keyCode=KEYCODE_DPAD_CENTER, scanCode=0, metaState=0, flags=0x8, repeatCount=0, eventTime=199359, downTime=199359, deviceId=-1, source=0x101 }"
<android.app.Activity: boolean onKeyDown(int,android.view.KeyEvent)>;"23","KeyEvent { action=ACTION_DOWN, keyCode=KEYCODE_DPAD_CENTER, scanCode=0, metaState=0, flags=0x8, repeatCount=0, eventTime=45669, downTime=45669, deviceId=-1, source=0x101 }"
<android.app.Activity: boolean onKeyDown(int,android.view.KeyEvent)>;"22","KeyEvent { action=ACTION_DOWN, keyCode=KEYCODE_DPAD_RIGHT, scanCode=0, metaState=0, flags=0x400, repeatCount=0, eventTime=86287, downTime=86287, deviceId=-1, source=0x101 }"
<android.app.Activity: boolean onKeyDown(int,android.view.KeyEvent)>;"21","KeyEvent { action=ACTION_DOWN, keyCode=KEYCODE_DPAD_LEFT, scanCode=0, metaState=0, flags=0x8, repeatCount=0, eventTime=185292, downTime=185292, deviceId=-1, source=0x101 }"
<android.app.Activity: boolean onKeyDown(int,android.view.KeyEvent)>;"22","KeyEvent { action=ACTION_DOWN, keyCode=KEYCODE_DPAD_RIGHT, scanCode=0, metaState=0, flags=0x400, repeatCount=0, eventTime=72825, downTime=72825, deviceId=-1, source=0x101 }"
<android.app.Activity: boolean onKeyDown(int,android.view.KeyEvent)>;"19","KeyEvent { action=ACTION_DOWN, keyCode=KEYCODE_DPAD_UP, scanCode=0, metaState=0, flags=0x400, repeatCount=0, eventTime=87050, downTime=87050, deviceId=-1, source=0x101 }"
<android.app.Activity: boolean onKeyDown(int,android.view.KeyEvent)>;"20","KeyEvent { action=ACTION_DOWN, keyCode=KEYCODE_DPAD_DOWN, scanCode=0, metaState=0, flags=0x400, repeatCount=0, eventTime=198376, downTime=198376, deviceId=-1, source=0x101 }"
<android.app.Activity: boolean onKeyDown(int,android.view.KeyEvent)>;"19","KeyEvent { action=ACTION_DOWN, keyCode=KEYCODE_DPAD_UP, scanCode=0, metaState=0, flags=0x8, repeatCount=0, eventTime=190979, downTime=190979, deviceId=-1, source=0x101 }"
<android.app.Activity: boolean onKeyDown(int,android.view.KeyEvent)>;"20","KeyEvent { action=ACTION_DOWN, keyCode=KEYCODE_DPAD_DOWN, scanCode=0, metaState=0, flags=0x8, repeatCount=0, eventTime=70753, downTime=70753, deviceId=-1, source=0x101 }"
<android.app.Activity: boolean onKeyDown(int,android.view.KeyEvent)>;"23","KeyEvent { action=ACTION_DOWN, keyCode=KEYCODE_DPAD_CENTER, scanCode=0, metaState=0, flags=0x8, repeatCount=0, eventTime=150686, downTime=150686, deviceId=-1, source=0x101 }"
<android.app.Activity: boolean onKeyDown(int,android.view.KeyEvent)>;"19","KeyEvent { action=ACTION_DOWN, keyCode=KEYCODE_DPAD_UP, scanCode=0, metaState=0, flags=0x400, repeatCount=0, eventTime=58740, downTime=58740, deviceId=-1, source=0x101 }"
<android.app.Activity: boolean onKeyDown(int,android.view.KeyEvent)>;"19","KeyEvent { action=ACTION_DOWN, keyCode=KEYCODE_DPAD_UP, scanCode=0, metaState=0, flags=0x400, repeatCount=0, eventTime=93226, downTime=93226, deviceId=-1, source=0x101 }"
<android.app.Activity: boolean onKeyDown(int,android.view.KeyEvent)>;"20","KeyEvent { action=ACTION_DOWN, keyCode=KEYCODE_DPAD_DOWN, scanCode=0, metaState=0, flags=0x8, repeatCount=0, eventTime=108594, downTime=108594, deviceId=-1, source=0x101 }"
<android.app.Activity: boolean onKeyDown(int,android.view.KeyEvent)>;"21","KeyEvent { action=ACTION_DOWN, keyCode=KEYCODE_DPAD_LEFT, scanCode=0, metaState=0, flags=0x400, repeatCount=0, eventTime=94727, downTime=94727, deviceId=-1, source=0x101 }"
<android.app.Activity: boolean onKeyDown(int,android.view.KeyEvent)>;"20","KeyEvent { action=ACTION_DOWN, keyCode=KEYCODE_DPAD_DOWN, scanCode=0, metaState=0, flags=0x8, repeatCount=0, eventTime=193450, downTime=193450, deviceId=-1, source=0x101 }"
<android.app.Activity: boolean onKeyDown(int,android.view.KeyEvent)>;"20","KeyEvent { action=ACTION_DOWN, keyCode=KEYCODE_DPAD_DOWN, scanCode=0, metaState=0, flags=0x8, repeatCount=0, eventTime=133221, downTime=133221, deviceId=-1, source=0x101 }"
<android.app.Activity: boolean onKeyDown(int,android.view.KeyEvent)>;"19","KeyEvent { action=ACTION_DOWN, keyCode=KEYCODE_DPAD_UP, scanCode=0, metaState=0, flags=0x400, repeatCount=0, eventTime=87084, downTime=87084, deviceId=-1, source=0x101 }"
<android.app.Activity: boolean onKeyDown(int,android.view.KeyEvent)>;"20","KeyEvent { action=ACTION_DOWN, keyCode=KEYCODE_DPAD_DOWN, scanCode=0, metaState=0, flags=0x400, repeatCount=0, eventTime=117068, downTime=117068, deviceId=-1, source=0x101 }"
<android.app.Activity: boolean onKeyDown(int,android.view.KeyEvent)>;"141","KeyEvent { action=ACTION_DOWN, keyCode=KEYCODE_F11, scanCode=0, metaState=0, flags=0x8, repeatCount=0, eventTime=200383, downTime=200383, deviceId=-1, source=0x101 }"
<android.app.Activity: boolean onKeyDown(int,android.view.KeyEvent)>;"20","KeyEvent { action=ACTION_DOWN, keyCode=KEYCODE_DPAD_DOWN, scanCode=0, metaState=0, flags=0x8, repeatCount=0, eventTime=67505, downTime=67505, deviceId=-1, source=0x101 }"
<android.app.Activity: boolean onKeyDown(int,android.view.KeyEvent)>;"19","KeyEvent { action=ACTION_DOWN, keyCode=KEYCODE_DPAD_UP, scanCode=0, metaState=0, flags=0x400, repeatCount=0, eventTime=75896, downTime=75896, deviceId=-1, source=0x101 }"
<android.app.Activity: boolean onKeyDown(int,android.view.KeyEvent)>;"20","KeyEvent { action=ACTION_DOWN, keyCode=KEYCODE_DPAD_DOWN, scanCode=0, metaState=0, flags=0x400, repeatCount=0, eventTime=58066, downTime=58066, deviceId=-1, source=0x101 }"
<android.app.Activity: boolean onKeyDown(int,android.view.KeyEvent)>;"19","KeyEvent { action=ACTION_DOWN, keyCode=KEYCODE_DPAD_UP, scanCode=0, metaState=0, flags=0x400, repeatCount=0, eventTime=55507, downTime=55507, deviceId=-1, source=0x101 }"
<android.app.Activity: boolean onKeyDown(int,android.view.KeyEvent)>;"19","KeyEvent { action=ACTION_DOWN, keyCode=KEYCODE_DPAD_UP, scanCode=0, metaState=0, flags=0x400, repeatCount=0, eventTime=65051, downTime=65051, deviceId=-1, source=0x101 }"
<android.app.Activity: boolean onKeyDown(int,android.view.KeyEvent)>;"82","KeyEvent { action=ACTION_DOWN, keyCode=KEYCODE_MENU, scanCode=0, metaState=0, flags=0x8, repeatCount=0, eventTime=214967, downTime=214967, deviceId=-1, source=0x101 }"
<android.app.Activity: boolean onKeyDown(int,android.view.KeyEvent)>;"21","KeyEvent { action=ACTION_DOWN, keyCode=KEYCODE_DPAD_LEFT, scanCode=0, metaState=0, flags=0x8, repeatCount=0, eventTime=188319, downTime=188319, deviceId=-1, source=0x101 }"
<android.app.Activity: boolean onKeyDown(int,android.view.KeyEvent)>;"23","KeyEvent { action=ACTION_DOWN, keyCode=KEYCODE_DPAD_CENTER, scanCode=0, metaState=0, flags=0x400, repeatCount=0, eventTime=171110, downTime=171110, deviceId=-1, source=0x101 }"
<android.app.Activity: boolean onKeyDown(int,android.view.KeyEvent)>;"23","KeyEvent { action=ACTION_DOWN, keyCode=KEYCODE_DPAD_CENTER, scanCode=0, metaState=0, flags=0x8, repeatCount=0, eventTime=98842, downTime=98842, deviceId=-1, source=0x101 }"
<android.app.Activity: boolean onKeyDown(int,android.view.KeyEvent)>;"20","KeyEvent { action=ACTION_DOWN, keyCode=KEYCODE_DPAD_DOWN, scanCode=0, metaState=0, flags=0x400, repeatCount=0, eventTime=104594, downTime=104594, deviceId=-1, source=0x101 }"
<android.app.Activity: boolean onKeyDown(int,android.view.KeyEvent)>;"267","KeyEvent { action=ACTION_DOWN, keyCode=KEYCODE_STEM_3, scanCode=0, metaState=0, flags=0x8, repeatCount=0, eventTime=197223, downTime=197223, deviceId=-1, source=0x101 }"
<android.app.Activity: boolean onKeyDown(int,android.view.KeyEvent)>;"20","KeyEvent { action=ACTION_DOWN, keyCode=KEYCODE_DPAD_DOWN, scanCode=0, metaState=0, flags=0x400, repeatCount=0, eventTime=176146, downTime=176146, deviceId=-1, source=0x101 }"
<android.app.Activity: boolean onKeyDown(int,android.view.KeyEvent)>;"19","KeyEvent { action=ACTION_DOWN, keyCode=KEYCODE_DPAD_UP, scanCode=0, metaState=0, flags=0x400, repeatCount=0, eventTime=125405, downTime=125405, deviceId=-1, source=0x101 }"
<android.app.Activity: boolean onKeyDown(int,android.view.KeyEvent)>;"82","KeyEvent { action=ACTION_DOWN, keyCode=KEYCODE_MENU, scanCode=0, metaState=0, flags=0x8, repeatCount=0, eventTime=80615, downTime=80615, deviceId=-1, source=0x101 }"
<android.app.Activity: boolean onKeyDown(int,android.view.KeyEvent)>;"22","KeyEvent { action=ACTION_DOWN, keyCode=KEYCODE_DPAD_RIGHT, scanCode=0, metaState=0, flags=0x400, repeatCount=0, eventTime=50089, downTime=50089, deviceId=-1, source=0x101 }"
<android.app.Activity: boolean onKeyDown(int,android.view.KeyEvent)>;"19","KeyEvent { action=ACTION_DOWN, keyCode=KEYCODE_DPAD_UP, scanCode=0, metaState=0, flags=0x400, repeatCount=0, eventTime=50782, downTime=50782, deviceId=-1, source=0x101 }"
<android.app.Activity: boolean onKeyDown(int,android.view.KeyEvent)>;"20","KeyEvent { action=ACTION_DOWN, keyCode=KEYCODE_DPAD_DOWN, scanCode=0, metaState=0, flags=0x8, repeatCount=0, eventTime=66128, downTime=66128, deviceId=-1, source=0x101 }"
<android.app.Activity: boolean onKeyDown(int,android.view.KeyEvent)>;"23","KeyEvent { action=ACTION_DOWN, keyCode=KEYCODE_DPAD_CENTER, scanCode=0, metaState=0, flags=0x8, repeatCount=0, eventTime=77891, downTime=77891, deviceId=-1, source=0x101 }"
<android.app.Activity: boolean onKeyDown(int,android.view.KeyEvent)>;"22","KeyEvent { action=ACTION_DOWN, keyCode=KEYCODE_DPAD_RIGHT, scanCode=0, metaState=0, flags=0x8, repeatCount=0, eventTime=134281, downTime=134281, deviceId=-1, source=0x101 }"
<android.app.Activity: boolean onKeyDown(int,android.view.KeyEvent)>;"74","KeyEvent { action=ACTION_DOWN, keyCode=KEYCODE_SEMICOLON, scanCode=0, metaState=0, flags=0x8, repeatCount=0, eventTime=55948, downTime=55948, deviceId=-1, source=0x101 }"
<android.app.Activity: boolean onKeyDown(int,android.view.KeyEvent)>;"20","KeyEvent { action=ACTION_DOWN, keyCode=KEYCODE_DPAD_DOWN, scanCode=0, metaState=0, flags=0x400, repeatCount=0, eventTime=218016, downTime=218016, deviceId=-1, source=0x101 }"
<android.app.Activity: boolean onKeyDown(int,android.view.KeyEvent)>;"123","KeyEvent { action=ACTION_DOWN, keyCode=KEYCODE_MOVE_END, scanCode=0, metaState=0, flags=0x8, repeatCount=0, eventTime=103562, downTime=103562, deviceId=-1, source=0x101 }"
<android.app.Activity: boolean onKeyDown(int,android.view.KeyEvent)>;"19","KeyEvent { action=ACTION_DOWN, keyCode=KEYCODE_DPAD_UP, scanCode=0, metaState=0, flags=0x400, repeatCount=0, eventTime=58015, downTime=58015, deviceId=-1, source=0x101 }"
<android.app.Activity: boolean onKeyDown(int,android.view.KeyEvent)>;"19","KeyEvent { action=ACTION_DOWN, keyCode=KEYCODE_DPAD_UP, scanCode=0, metaState=0, flags=0x8, repeatCount=0, eventTime=208600, downTime=208600, deviceId=-1, source=0x101 }"
<android.app.Activity: boolean onKeyDown(int,android.view.KeyEvent)>;"82","KeyEvent { action=ACTION_DOWN, keyCode=KEYCODE_MENU, scanCode=0, metaState=0, flags=0x8, repeatCount=0, eventTime=135282, downTime=135282, deviceId=-1, source=0x101 }"
<android.app.Activity: boolean onKeyDown(int,android.view.KeyEvent)>;"20","KeyEvent { action=ACTION_DOWN, keyCode=KEYCODE_DPAD_DOWN, scanCode=0, metaState=0, flags=0x400, repeatCount=0, eventTime=98871, downTime=98871, deviceId=-1, source=0x101 }"
<android.app.Activity: boolean onKeyDown(int,android.view.KeyEvent)>;"23","KeyEvent { action=ACTION_DOWN, keyCode=KEYCODE_DPAD_CENTER, scanCode=0, metaState=0, flags=0x8, repeatCount=0, eventTime=120767, downTime=120767, deviceId=-1, source=0x101 }"
