"<android.app.Activity: void setVolumeControlStream(int)>","3"
"<android.app.Activity: void setContentView(android.view.View)>","com.donutgames.dgkit.DGLayout{524974c V.E...... ......I. 0,0-0,0}"
"<android.content.ContextWrapper: boolean bindService(android.content.Intent,android.content.ServiceConnection,int)>","Intent { act=com.android.vending.billing.InAppBillingService.BIND }","com.donutgames.dgkit.DGKitActivity@8a9dc38","1"
"<android.app.Activity: boolean onKeyDown(int,android.view.KeyEvent)>","20","KeyEvent { action=ACTION_DOWN, keyCode=KEYCODE_DPAD_DOWN, scanCode=0, metaState=0, flags=0x400, repeatCount=0, eventTime=51654, downTime=51654, deviceId=-1, source=0x101 }"
"<android.app.Activity: boolean onKeyDown(int,android.view.KeyEvent)>","20","KeyEvent { action=ACTION_DOWN, keyCode=KEYCODE_DPAD_DOWN, scanCode=0, metaState=0, flags=0x400, repeatCount=0, eventTime=51654, downTime=51654, deviceId=-1, source=0x101 }"
"<android.view.View: void setKeepScreenOn(boolean)>","false"
"<android.app.Activity: boolean onKeyDown(int,android.view.KeyEvent)>","19","KeyEvent { action=ACTION_DOWN, keyCode=KEYCODE_DPAD_UP, scanCode=0, metaState=0, flags=0x400, repeatCount=0, eventTime=54511, downTime=54511, deviceId=-1, source=0x101 }"
"<android.app.Activity: boolean onKeyDown(int,android.view.KeyEvent)>","20","KeyEvent { action=ACTION_DOWN, keyCode=KEYCODE_DPAD_DOWN, scanCode=0, metaState=0, flags=0x400, repeatCount=0, eventTime=55543, downTime=55543, deviceId=-1, source=0x101 }"
"<android.app.Activity: boolean onKeyDown(int,android.view.KeyEvent)>","20","KeyEvent { action=ACTION_DOWN, keyCode=KEYCODE_DPAD_DOWN, scanCode=0, metaState=0, flags=0x400, repeatCount=0, eventTime=55543, downTime=55543, deviceId=-1, source=0x101 }"
"<android.app.Activity: boolean onKeyDown(int,android.view.KeyEvent)>","20","KeyEvent { action=ACTION_DOWN, keyCode=KEYCODE_DPAD_DOWN, scanCode=0, metaState=0, flags=0x400, repeatCount=0, eventTime=55543, downTime=55543, deviceId=-1, source=0x101 }"
"<android.app.Activity: boolean onKeyDown(int,android.view.KeyEvent)>","20","KeyEvent { action=ACTION_DOWN, keyCode=KEYCODE_DPAD_DOWN, scanCode=0, metaState=0, flags=0x400, repeatCount=0, eventTime=55543, downTime=55543, deviceId=-1, source=0x101 }"
"<android.app.Activity: boolean onKeyDown(int,android.view.KeyEvent)>","22","KeyEvent { action=ACTION_DOWN, keyCode=KEYCODE_DPAD_RIGHT, scanCode=0, metaState=0, flags=0x400, repeatCount=0, eventTime=55567, downTime=55567, deviceId=-1, source=0x101 }"
"<android.app.Activity: boolean onKeyDown(int,android.view.KeyEvent)>","22","KeyEvent { action=ACTION_DOWN, keyCode=KEYCODE_DPAD_RIGHT, scanCode=0, metaState=0, flags=0x400, repeatCount=0, eventTime=55567, downTime=55567, deviceId=-1, source=0x101 }"
"<android.app.Activity: boolean onKeyDown(int,android.view.KeyEvent)>","22","KeyEvent { action=ACTION_DOWN, keyCode=KEYCODE_DPAD_RIGHT, scanCode=0, metaState=0, flags=0x400, repeatCount=0, eventTime=55567, downTime=55567, deviceId=-1, source=0x101 }"
"<android.app.Activity: boolean onKeyDown(int,android.view.KeyEvent)>","21","KeyEvent { action=ACTION_DOWN, keyCode=KEYCODE_DPAD_LEFT, scanCode=0, metaState=0, flags=0x400, repeatCount=0, eventTime=55586, downTime=55586, deviceId=-1, source=0x101 }"
"<android.app.Activity: boolean onKeyDown(int,android.view.KeyEvent)>","21","KeyEvent { action=ACTION_DOWN, keyCode=KEYCODE_DPAD_LEFT, scanCode=0, metaState=0, flags=0x400, repeatCount=0, eventTime=55586, downTime=55586, deviceId=-1, source=0x101 }"
"<android.app.Activity: boolean onKeyDown(int,android.view.KeyEvent)>","21","KeyEvent { action=ACTION_DOWN, keyCode=KEYCODE_DPAD_LEFT, scanCode=0, metaState=0, flags=0x400, repeatCount=0, eventTime=55586, downTime=55586, deviceId=-1, source=0x101 }"
"<android.app.Activity: boolean onKeyDown(int,android.view.KeyEvent)>","21","KeyEvent { action=ACTION_DOWN, keyCode=KEYCODE_DPAD_LEFT, scanCode=0, metaState=0, flags=0x400, repeatCount=0, eventTime=55586, downTime=55586, deviceId=-1, source=0x101 }"
"<android.app.Activity: boolean onKeyDown(int,android.view.KeyEvent)>","21","KeyEvent { action=ACTION_DOWN, keyCode=KEYCODE_DPAD_LEFT, scanCode=0, metaState=0, flags=0x400, repeatCount=0, eventTime=55586, downTime=55586, deviceId=-1, source=0x101 }"
"<android.app.Activity: boolean onKeyDown(int,android.view.KeyEvent)>","21","KeyEvent { action=ACTION_DOWN, keyCode=KEYCODE_DPAD_LEFT, scanCode=0, metaState=0, flags=0x400, repeatCount=0, eventTime=55594, downTime=55594, deviceId=-1, source=0x101 }"
"<android.app.Activity: boolean onKeyDown(int,android.view.KeyEvent)>","21","KeyEvent { action=ACTION_DOWN, keyCode=KEYCODE_DPAD_LEFT, scanCode=0, metaState=0, flags=0x400, repeatCount=0, eventTime=55594, downTime=55594, deviceId=-1, source=0x101 }"
"<android.app.Activity: boolean onKeyDown(int,android.view.KeyEvent)>","21","KeyEvent { action=ACTION_DOWN, keyCode=KEYCODE_DPAD_LEFT, scanCode=0, metaState=0, flags=0x400, repeatCount=0, eventTime=55594, downTime=55594, deviceId=-1, source=0x101 }"
"<android.app.Activity: boolean onKeyDown(int,android.view.KeyEvent)>","21","KeyEvent { action=ACTION_DOWN, keyCode=KEYCODE_DPAD_LEFT, scanCode=0, metaState=0, flags=0x400, repeatCount=0, eventTime=55594, downTime=55594, deviceId=-1, source=0x101 }"
"<android.app.Activity: boolean onKeyDown(int,android.view.KeyEvent)>","21","KeyEvent { action=ACTION_DOWN, keyCode=KEYCODE_DPAD_LEFT, scanCode=0, metaState=0, flags=0x400, repeatCount=0, eventTime=55594, downTime=55594, deviceId=-1, source=0x101 }"
"<android.app.Activity: boolean onKeyDown(int,android.view.KeyEvent)>","22","KeyEvent { action=ACTION_DOWN, keyCode=KEYCODE_DPAD_RIGHT, scanCode=0, metaState=0, flags=0x400, repeatCount=0, eventTime=55610, downTime=55610, deviceId=-1, source=0x101 }"
"<android.app.Activity: boolean onKeyDown(int,android.view.KeyEvent)>","22","KeyEvent { action=ACTION_DOWN, keyCode=KEYCODE_DPAD_RIGHT, scanCode=0, metaState=0, flags=0x400, repeatCount=0, eventTime=55610, downTime=55610, deviceId=-1, source=0x101 }"
"<android.app.Activity: boolean onKeyDown(int,android.view.KeyEvent)>","22","KeyEvent { action=ACTION_DOWN, keyCode=KEYCODE_DPAD_RIGHT, scanCode=0, metaState=0, flags=0x400, repeatCount=0, eventTime=55627, downTime=55627, deviceId=-1, source=0x101 }"
"<android.app.Activity: boolean onKeyDown(int,android.view.KeyEvent)>","22","KeyEvent { action=ACTION_DOWN, keyCode=KEYCODE_DPAD_RIGHT, scanCode=0, metaState=0, flags=0x400, repeatCount=0, eventTime=55627, downTime=55627, deviceId=-1, source=0x101 }"
"<android.app.Activity: boolean onKeyDown(int,android.view.KeyEvent)>","19","KeyEvent { action=ACTION_DOWN, keyCode=KEYCODE_DPAD_UP, scanCode=0, metaState=0, flags=0x400, repeatCount=0, eventTime=55674, downTime=55674, deviceId=-1, source=0x101 }"
"<android.app.Activity: boolean onKeyDown(int,android.view.KeyEvent)>","19","KeyEvent { action=ACTION_DOWN, keyCode=KEYCODE_DPAD_UP, scanCode=0, metaState=0, flags=0x400, repeatCount=0, eventTime=55674, downTime=55674, deviceId=-1, source=0x101 }"
"<android.app.Activity: boolean onKeyDown(int,android.view.KeyEvent)>","19","KeyEvent { action=ACTION_DOWN, keyCode=KEYCODE_DPAD_UP, scanCode=0, metaState=0, flags=0x400, repeatCount=0, eventTime=55674, downTime=55674, deviceId=-1, source=0x101 }"
"<android.app.Activity: boolean onKeyDown(int,android.view.KeyEvent)>","19","KeyEvent { action=ACTION_DOWN, keyCode=KEYCODE_DPAD_UP, scanCode=0, metaState=0, flags=0x400, repeatCount=0, eventTime=55674, downTime=55674, deviceId=-1, source=0x101 }"
"<android.app.Activity: boolean onKeyDown(int,android.view.KeyEvent)>","23","KeyEvent { action=ACTION_DOWN, keyCode=KEYCODE_DPAD_CENTER, scanCode=0, metaState=0, flags=0x8, repeatCount=0, eventTime=55636, downTime=55636, deviceId=-1, source=0x101 }"
"<android.app.Activity: boolean onKeyDown(int,android.view.KeyEvent)>","20","KeyEvent { action=ACTION_DOWN, keyCode=KEYCODE_DPAD_DOWN, scanCode=0, metaState=0, flags=0x400, repeatCount=0, eventTime=56766, downTime=56766, deviceId=-1, source=0x101 }"
"<android.app.Activity: boolean onKeyDown(int,android.view.KeyEvent)>","20","KeyEvent { action=ACTION_DOWN, keyCode=KEYCODE_DPAD_DOWN, scanCode=0, metaState=0, flags=0x400, repeatCount=0, eventTime=56766, downTime=56766, deviceId=-1, source=0x101 }"
"<android.app.Activity: boolean onKeyDown(int,android.view.KeyEvent)>","20","KeyEvent { action=ACTION_DOWN, keyCode=KEYCODE_DPAD_DOWN, scanCode=0, metaState=0, flags=0x400, repeatCount=0, eventTime=56766, downTime=56766, deviceId=-1, source=0x101 }"
"<android.app.Activity: boolean onKeyDown(int,android.view.KeyEvent)>","19","KeyEvent { action=ACTION_DOWN, keyCode=KEYCODE_DPAD_UP, scanCode=0, metaState=0, flags=0x400, repeatCount=0, eventTime=56786, downTime=56786, deviceId=-1, source=0x101 }"
"<android.app.Activity: boolean onKeyDown(int,android.view.KeyEvent)>","19","KeyEvent { action=ACTION_DOWN, keyCode=KEYCODE_DPAD_UP, scanCode=0, metaState=0, flags=0x400, repeatCount=0, eventTime=56786, downTime=56786, deviceId=-1, source=0x101 }"
"<android.app.Activity: boolean onKeyDown(int,android.view.KeyEvent)>","22","KeyEvent { action=ACTION_DOWN, keyCode=KEYCODE_DPAD_RIGHT, scanCode=0, metaState=0, flags=0x400, repeatCount=0, eventTime=56825, downTime=56825, deviceId=-1, source=0x101 }"
"<android.app.Activity: boolean onKeyDown(int,android.view.KeyEvent)>","22","KeyEvent { action=ACTION_DOWN, keyCode=KEYCODE_DPAD_RIGHT, scanCode=0, metaState=0, flags=0x400, repeatCount=0, eventTime=56825, downTime=56825, deviceId=-1, source=0x101 }"
"<android.app.Activity: boolean onKeyDown(int,android.view.KeyEvent)>","21","KeyEvent { action=ACTION_DOWN, keyCode=KEYCODE_DPAD_LEFT, scanCode=0, metaState=0, flags=0x400, repeatCount=0, eventTime=57797, downTime=57797, deviceId=-1, source=0x101 }"
"<android.app.Activity: boolean onKeyDown(int,android.view.KeyEvent)>","21","KeyEvent { action=ACTION_DOWN, keyCode=KEYCODE_DPAD_LEFT, scanCode=0, metaState=0, flags=0x400, repeatCount=0, eventTime=57797, downTime=57797, deviceId=-1, source=0x101 }"
"<android.app.Activity: boolean onKeyDown(int,android.view.KeyEvent)>","21","KeyEvent { action=ACTION_DOWN, keyCode=KEYCODE_DPAD_LEFT, scanCode=0, metaState=0, flags=0x400, repeatCount=0, eventTime=57797, downTime=57797, deviceId=-1, source=0x101 }"
"<android.app.Activity: boolean onKeyDown(int,android.view.KeyEvent)>","21","KeyEvent { action=ACTION_DOWN, keyCode=KEYCODE_DPAD_LEFT, scanCode=0, metaState=0, flags=0x400, repeatCount=0, eventTime=57797, downTime=57797, deviceId=-1, source=0x101 }"
"<android.app.Activity: boolean onKeyDown(int,android.view.KeyEvent)>","21","KeyEvent { action=ACTION_DOWN, keyCode=KEYCODE_DPAD_LEFT, scanCode=0, metaState=0, flags=0x400, repeatCount=0, eventTime=57797, downTime=57797, deviceId=-1, source=0x101 }"
"<android.app.Activity: boolean onKeyDown(int,android.view.KeyEvent)>","23","KeyEvent { action=ACTION_DOWN, keyCode=KEYCODE_DPAD_CENTER, scanCode=0, metaState=0, flags=0x400, repeatCount=0, eventTime=57797, downTime=57797, deviceId=-1, source=0x101 }"
"<android.app.Activity: boolean onKeyDown(int,android.view.KeyEvent)>","82","KeyEvent { action=ACTION_DOWN, keyCode=KEYCODE_MENU, scanCode=0, metaState=0, flags=0x8, repeatCount=0, eventTime=58866, downTime=58866, deviceId=-1, source=0x101 }"
"<android.app.Activity: boolean onKeyDown(int,android.view.KeyEvent)>","21","KeyEvent { action=ACTION_DOWN, keyCode=KEYCODE_DPAD_LEFT, scanCode=0, metaState=0, flags=0x400, repeatCount=0, eventTime=59916, downTime=59916, deviceId=-1, source=0x101 }"
"<android.app.Activity: boolean onKeyDown(int,android.view.KeyEvent)>","19","KeyEvent { action=ACTION_DOWN, keyCode=KEYCODE_DPAD_UP, scanCode=0, metaState=0, flags=0x400, repeatCount=0, eventTime=59932, downTime=59932, deviceId=-1, source=0x101 }"
"<android.app.Activity: boolean onKeyDown(int,android.view.KeyEvent)>","19","KeyEvent { action=ACTION_DOWN, keyCode=KEYCODE_DPAD_UP, scanCode=0, metaState=0, flags=0x400, repeatCount=0, eventTime=59932, downTime=59932, deviceId=-1, source=0x101 }"
"<android.app.Activity: boolean onKeyDown(int,android.view.KeyEvent)>","19","KeyEvent { action=ACTION_DOWN, keyCode=KEYCODE_DPAD_UP, scanCode=0, metaState=0, flags=0x400, repeatCount=0, eventTime=59932, downTime=59932, deviceId=-1, source=0x101 }"
"<android.app.Activity: boolean onKeyDown(int,android.view.KeyEvent)>","19","KeyEvent { action=ACTION_DOWN, keyCode=KEYCODE_DPAD_UP, scanCode=0, metaState=0, flags=0x400, repeatCount=0, eventTime=59932, downTime=59932, deviceId=-1, source=0x101 }"
"<android.view.View: void setKeepScreenOn(boolean)>","false"
"<android.app.Activity: boolean onKeyDown(int,android.view.KeyEvent)>","57","KeyEvent { action=ACTION_DOWN, keyCode=KEYCODE_ALT_LEFT, scanCode=0, metaState=0, flags=0x8, repeatCount=0, eventTime=60945, downTime=60945, deviceId=-1, source=0x101 }"
"<android.app.Activity: boolean onKeyDown(int,android.view.KeyEvent)>","41","KeyEvent { action=ACTION_DOWN, keyCode=KEYCODE_M, scanCode=0, metaState=0, flags=0x8, repeatCount=0, eventTime=62955, downTime=62955, deviceId=-1, source=0x101 }"
"<android.app.Activity: boolean onKeyDown(int,android.view.KeyEvent)>","62","KeyEvent { action=ACTION_DOWN, keyCode=KEYCODE_SPACE, scanCode=0, metaState=0, flags=0x8, repeatCount=0, eventTime=64040, downTime=64040, deviceId=-1, source=0x101 }"
"<android.app.Activity: boolean onKeyDown(int,android.view.KeyEvent)>","22","KeyEvent { action=ACTION_DOWN, keyCode=KEYCODE_DPAD_RIGHT, scanCode=0, metaState=0, flags=0x8, repeatCount=0, eventTime=66139, downTime=66139, deviceId=-1, source=0x101 }"
"<android.app.Activity: boolean onKeyDown(int,android.view.KeyEvent)>","22","KeyEvent { action=ACTION_DOWN, keyCode=KEYCODE_DPAD_RIGHT, scanCode=0, metaState=0, flags=0x400, repeatCount=0, eventTime=67186, downTime=67186, deviceId=-1, source=0x101 }"
"<android.app.Activity: boolean onKeyDown(int,android.view.KeyEvent)>","22","KeyEvent { action=ACTION_DOWN, keyCode=KEYCODE_DPAD_RIGHT, scanCode=0, metaState=0, flags=0x400, repeatCount=0, eventTime=67186, downTime=67186, deviceId=-1, source=0x101 }"
"<android.app.Activity: boolean onKeyDown(int,android.view.KeyEvent)>","20","KeyEvent { action=ACTION_DOWN, keyCode=KEYCODE_DPAD_DOWN, scanCode=0, metaState=0, flags=0x400, repeatCount=0, eventTime=67187, downTime=67187, deviceId=-1, source=0x101 }"
"<android.app.Activity: boolean onKeyDown(int,android.view.KeyEvent)>","20","KeyEvent { action=ACTION_DOWN, keyCode=KEYCODE_DPAD_DOWN, scanCode=0, metaState=0, flags=0x400, repeatCount=0, eventTime=67237, downTime=67237, deviceId=-1, source=0x101 }"
"<android.app.Activity: boolean onKeyDown(int,android.view.KeyEvent)>","20","KeyEvent { action=ACTION_DOWN, keyCode=KEYCODE_DPAD_DOWN, scanCode=0, metaState=0, flags=0x400, repeatCount=0, eventTime=67237, downTime=67237, deviceId=-1, source=0x101 }"
"<android.app.Activity: boolean onKeyDown(int,android.view.KeyEvent)>","20","KeyEvent { action=ACTION_DOWN, keyCode=KEYCODE_DPAD_DOWN, scanCode=0, metaState=0, flags=0x400, repeatCount=0, eventTime=67237, downTime=67237, deviceId=-1, source=0x101 }"
"<android.app.Activity: boolean onKeyDown(int,android.view.KeyEvent)>","20","KeyEvent { action=ACTION_DOWN, keyCode=KEYCODE_DPAD_DOWN, scanCode=0, metaState=0, flags=0x400, repeatCount=0, eventTime=67237, downTime=67237, deviceId=-1, source=0x101 }"
"<android.app.Activity: boolean onKeyDown(int,android.view.KeyEvent)>","19","KeyEvent { action=ACTION_DOWN, keyCode=KEYCODE_DPAD_UP, scanCode=0, metaState=0, flags=0x400, repeatCount=0, eventTime=67254, downTime=67254, deviceId=-1, source=0x101 }"
"<android.app.Activity: boolean onKeyDown(int,android.view.KeyEvent)>","19","KeyEvent { action=ACTION_DOWN, keyCode=KEYCODE_DPAD_UP, scanCode=0, metaState=0, flags=0x400, repeatCount=0, eventTime=67254, downTime=67254, deviceId=-1, source=0x101 }"
"<android.app.Activity: boolean onKeyDown(int,android.view.KeyEvent)>","19","KeyEvent { action=ACTION_DOWN, keyCode=KEYCODE_DPAD_UP, scanCode=0, metaState=0, flags=0x400, repeatCount=0, eventTime=67254, downTime=67254, deviceId=-1, source=0x101 }"
"<android.app.Activity: boolean onKeyDown(int,android.view.KeyEvent)>","19","KeyEvent { action=ACTION_DOWN, keyCode=KEYCODE_DPAD_UP, scanCode=0, metaState=0, flags=0x400, repeatCount=0, eventTime=67254, downTime=67254, deviceId=-1, source=0x101 }"
"<android.app.Activity: boolean onKeyDown(int,android.view.KeyEvent)>","19","KeyEvent { action=ACTION_DOWN, keyCode=KEYCODE_DPAD_UP, scanCode=0, metaState=0, flags=0x400, repeatCount=0, eventTime=67254, downTime=67254, deviceId=-1, source=0x101 }"
"<android.app.Activity: boolean onKeyDown(int,android.view.KeyEvent)>","22","KeyEvent { action=ACTION_DOWN, keyCode=KEYCODE_DPAD_RIGHT, scanCode=0, metaState=0, flags=0x400, repeatCount=0, eventTime=67271, downTime=67271, deviceId=-1, source=0x101 }"
"<android.app.Activity: boolean onKeyDown(int,android.view.KeyEvent)>","22","KeyEvent { action=ACTION_DOWN, keyCode=KEYCODE_DPAD_RIGHT, scanCode=0, metaState=0, flags=0x400, repeatCount=0, eventTime=67271, downTime=67271, deviceId=-1, source=0x101 }"
"<android.app.Activity: boolean onKeyDown(int,android.view.KeyEvent)>","82","KeyEvent { action=ACTION_DOWN, keyCode=KEYCODE_MENU, scanCode=0, metaState=0, flags=0x8, repeatCount=0, eventTime=67250, downTime=67250, deviceId=-1, source=0x101 }"
"<android.app.Activity: boolean onKeyDown(int,android.view.KeyEvent)>","22","KeyEvent { action=ACTION_DOWN, keyCode=KEYCODE_DPAD_RIGHT, scanCode=0, metaState=0, flags=0x400, repeatCount=0, eventTime=69287, downTime=69287, deviceId=-1, source=0x101 }"
"<android.app.Activity: boolean onKeyDown(int,android.view.KeyEvent)>","22","KeyEvent { action=ACTION_DOWN, keyCode=KEYCODE_DPAD_RIGHT, scanCode=0, metaState=0, flags=0x400, repeatCount=0, eventTime=69287, downTime=69287, deviceId=-1, source=0x101 }"
"<android.app.Activity: boolean onKeyDown(int,android.view.KeyEvent)>","22","KeyEvent { action=ACTION_DOWN, keyCode=KEYCODE_DPAD_RIGHT, scanCode=0, metaState=0, flags=0x400, repeatCount=0, eventTime=69287, downTime=69287, deviceId=-1, source=0x101 }"
"<android.app.Activity: boolean onKeyDown(int,android.view.KeyEvent)>","19","KeyEvent { action=ACTION_DOWN, keyCode=KEYCODE_DPAD_UP, scanCode=0, metaState=0, flags=0x400, repeatCount=0, eventTime=69304, downTime=69304, deviceId=-1, source=0x101 }"
"<android.app.Activity: boolean onKeyDown(int,android.view.KeyEvent)>","19","KeyEvent { action=ACTION_DOWN, keyCode=KEYCODE_DPAD_UP, scanCode=0, metaState=0, flags=0x400, repeatCount=0, eventTime=69304, downTime=69304, deviceId=-1, source=0x101 }"
"<android.app.Activity: boolean onKeyDown(int,android.view.KeyEvent)>","19","KeyEvent { action=ACTION_DOWN, keyCode=KEYCODE_DPAD_UP, scanCode=0, metaState=0, flags=0x400, repeatCount=0, eventTime=69304, downTime=69304, deviceId=-1, source=0x101 }"
"<android.app.Activity: boolean onKeyDown(int,android.view.KeyEvent)>","82","KeyEvent { action=ACTION_DOWN, keyCode=KEYCODE_MENU, scanCode=0, metaState=0, flags=0x8, repeatCount=0, eventTime=69300, downTime=69300, deviceId=-1, source=0x101 }"
"<android.app.Activity: boolean onKeyDown(int,android.view.KeyEvent)>","21","KeyEvent { action=ACTION_DOWN, keyCode=KEYCODE_DPAD_LEFT, scanCode=0, metaState=0, flags=0x8, repeatCount=0, eventTime=76561, downTime=76561, deviceId=-1, source=0x101 }"
"<android.app.Activity: boolean onKeyDown(int,android.view.KeyEvent)>","20","KeyEvent { action=ACTION_DOWN, keyCode=KEYCODE_DPAD_DOWN, scanCode=0, metaState=0, flags=0x400, repeatCount=0, eventTime=77580, downTime=77580, deviceId=-1, source=0x101 }"
"<android.app.Activity: boolean onKeyDown(int,android.view.KeyEvent)>","20","KeyEvent { action=ACTION_DOWN, keyCode=KEYCODE_DPAD_DOWN, scanCode=0, metaState=0, flags=0x400, repeatCount=0, eventTime=77580, downTime=77580, deviceId=-1, source=0x101 }"
"<android.app.Activity: boolean onKeyDown(int,android.view.KeyEvent)>","20","KeyEvent { action=ACTION_DOWN, keyCode=KEYCODE_DPAD_DOWN, scanCode=0, metaState=0, flags=0x400, repeatCount=0, eventTime=77580, downTime=77580, deviceId=-1, source=0x101 }"
"<android.app.Activity: boolean onKeyDown(int,android.view.KeyEvent)>","23","KeyEvent { action=ACTION_DOWN, keyCode=KEYCODE_DPAD_CENTER, scanCode=0, metaState=0, flags=0x400, repeatCount=0, eventTime=77580, downTime=77580, deviceId=-1, source=0x101 }"
"<android.app.Activity: boolean onKeyDown(int,android.view.KeyEvent)>","21","KeyEvent { action=ACTION_DOWN, keyCode=KEYCODE_DPAD_LEFT, scanCode=0, metaState=0, flags=0x400, repeatCount=0, eventTime=80790, downTime=80790, deviceId=-1, source=0x101 }"
"<android.app.Activity: boolean onKeyDown(int,android.view.KeyEvent)>","21","KeyEvent { action=ACTION_DOWN, keyCode=KEYCODE_DPAD_LEFT, scanCode=0, metaState=0, flags=0x400, repeatCount=0, eventTime=80790, downTime=80790, deviceId=-1, source=0x101 }"
"<android.app.Activity: boolean onKeyDown(int,android.view.KeyEvent)>","21","KeyEvent { action=ACTION_DOWN, keyCode=KEYCODE_DPAD_LEFT, scanCode=0, metaState=0, flags=0x400, repeatCount=0, eventTime=80790, downTime=80790, deviceId=-1, source=0x101 }"
"<android.app.Activity: boolean onKeyDown(int,android.view.KeyEvent)>","21","KeyEvent { action=ACTION_DOWN, keyCode=KEYCODE_DPAD_LEFT, scanCode=0, metaState=0, flags=0x400, repeatCount=0, eventTime=80790, downTime=80790, deviceId=-1, source=0x101 }"
"<android.app.Activity: boolean onKeyDown(int,android.view.KeyEvent)>","21","KeyEvent { action=ACTION_DOWN, keyCode=KEYCODE_DPAD_LEFT, scanCode=0, metaState=0, flags=0x400, repeatCount=0, eventTime=80790, downTime=80790, deviceId=-1, source=0x101 }"
"<android.app.Activity: boolean onKeyDown(int,android.view.KeyEvent)>","4","KeyEvent { action=ACTION_DOWN, keyCode=KEYCODE_BACK, scanCode=0, metaState=0, flags=0x8, repeatCount=0, eventTime=80712, downTime=80712, deviceId=-1, source=0x101 }"
"<android.app.Activity: void setVolumeControlStream(int)>","3"
"<android.app.Activity: void setContentView(android.view.View)>","com.donutgames.dgkit.DGLayout{524974c V.E...... ......I. 0,0-0,0}"
"<android.content.ContextWrapper: boolean bindService(android.content.Intent,android.content.ServiceConnection,int)>","Intent { act=com.android.vending.billing.InAppBillingService.BIND }","com.donutgames.dgkit.DGKitActivity@8a9dc38","1"
"<android.app.Activity: boolean onKeyDown(int,android.view.KeyEvent)>","215","KeyEvent { action=ACTION_DOWN, keyCode=KEYCODE_KATAKANA_HIRAGANA, scanCode=0, metaState=0, flags=0x8, repeatCount=0, eventTime=113603, downTime=113603, deviceId=-1, source=0x101 }"
"<android.app.Activity: boolean onKeyDown(int,android.view.KeyEvent)>","82","KeyEvent { action=ACTION_DOWN, keyCode=KEYCODE_MENU, scanCode=0, metaState=0, flags=0x8, repeatCount=0, eventTime=117442, downTime=117442, deviceId=-1, source=0x101 }"
"<android.view.View: void setKeepScreenOn(boolean)>","false"
"<android.app.Activity: boolean onKeyDown(int,android.view.KeyEvent)>","194","KeyEvent { action=ACTION_DOWN, keyCode=KEYCODE_BUTTON_7, scanCode=0, metaState=0, flags=0x8, repeatCount=0, eventTime=119690, downTime=119690, deviceId=-1, source=0x101 }"
"<android.app.Activity: boolean onKeyDown(int,android.view.KeyEvent)>","23","KeyEvent { action=ACTION_DOWN, keyCode=KEYCODE_DPAD_CENTER, scanCode=0, metaState=0, flags=0x8, repeatCount=0, eventTime=119690, downTime=119690, deviceId=-1, source=0x101 }"
"<android.app.Activity: boolean onKeyDown(int,android.view.KeyEvent)>","19","KeyEvent { action=ACTION_DOWN, keyCode=KEYCODE_DPAD_UP, scanCode=0, metaState=0, flags=0x8, repeatCount=0, eventTime=120731, downTime=120731, deviceId=-1, source=0x101 }"
"<android.app.Activity: boolean onKeyDown(int,android.view.KeyEvent)>","250","KeyEvent { action=ACTION_DOWN, keyCode=KEYCODE_TV_INPUT_COMPONENT_2, scanCode=0, metaState=0, flags=0x8, repeatCount=0, eventTime=121765, downTime=121765, deviceId=-1, source=0x101 }"
"<android.app.Activity: boolean onKeyDown(int,android.view.KeyEvent)>","23","KeyEvent { action=ACTION_DOWN, keyCode=KEYCODE_DPAD_CENTER, scanCode=0, metaState=0, flags=0x8, repeatCount=0, eventTime=122785, downTime=122785, deviceId=-1, source=0x101 }"
"<android.view.View: void setKeepScreenOn(boolean)>","false"
"<android.app.Activity: boolean onKeyDown(int,android.view.KeyEvent)>","20","KeyEvent { action=ACTION_DOWN, keyCode=KEYCODE_DPAD_DOWN, scanCode=0, metaState=0, flags=0x400, repeatCount=0, eventTime=124608, downTime=124608, deviceId=-1, source=0x101 }"
"<android.app.Activity: boolean onKeyDown(int,android.view.KeyEvent)>","22","KeyEvent { action=ACTION_DOWN, keyCode=KEYCODE_DPAD_RIGHT, scanCode=0, metaState=0, flags=0x400, repeatCount=0, eventTime=124633, downTime=124633, deviceId=-1, source=0x101 }"
"<android.app.Activity: boolean onKeyDown(int,android.view.KeyEvent)>","22","KeyEvent { action=ACTION_DOWN, keyCode=KEYCODE_DPAD_RIGHT, scanCode=0, metaState=0, flags=0x400, repeatCount=0, eventTime=124633, downTime=124633, deviceId=-1, source=0x101 }"
"<android.app.Activity: boolean onKeyDown(int,android.view.KeyEvent)>","20","KeyEvent { action=ACTION_DOWN, keyCode=KEYCODE_DPAD_DOWN, scanCode=0, metaState=0, flags=0x400, repeatCount=0, eventTime=124655, downTime=124655, deviceId=-1, source=0x101 }"
"<android.app.Activity: boolean onKeyDown(int,android.view.KeyEvent)>","20","KeyEvent { action=ACTION_DOWN, keyCode=KEYCODE_DPAD_DOWN, scanCode=0, metaState=0, flags=0x400, repeatCount=0, eventTime=124655, downTime=124655, deviceId=-1, source=0x101 }"
"<android.app.Activity: boolean onKeyDown(int,android.view.KeyEvent)>","20","KeyEvent { action=ACTION_DOWN, keyCode=KEYCODE_DPAD_DOWN, scanCode=0, metaState=0, flags=0x400, repeatCount=0, eventTime=124655, downTime=124655, deviceId=-1, source=0x101 }"
"<android.app.Activity: boolean onKeyDown(int,android.view.KeyEvent)>","19","KeyEvent { action=ACTION_DOWN, keyCode=KEYCODE_DPAD_UP, scanCode=0, metaState=0, flags=0x400, repeatCount=0, eventTime=124656, downTime=124656, deviceId=-1, source=0x101 }"
"<android.app.Activity: boolean onKeyDown(int,android.view.KeyEvent)>","19","KeyEvent { action=ACTION_DOWN, keyCode=KEYCODE_DPAD_UP, scanCode=0, metaState=0, flags=0x400, repeatCount=0, eventTime=124656, downTime=124656, deviceId=-1, source=0x101 }"
"<android.app.Activity: boolean onKeyDown(int,android.view.KeyEvent)>","19","KeyEvent { action=ACTION_DOWN, keyCode=KEYCODE_DPAD_UP, scanCode=0, metaState=0, flags=0x400, repeatCount=0, eventTime=124656, downTime=124656, deviceId=-1, source=0x101 }"
"<android.app.Activity: boolean onKeyDown(int,android.view.KeyEvent)>","19","KeyEvent { action=ACTION_DOWN, keyCode=KEYCODE_DPAD_UP, scanCode=0, metaState=0, flags=0x400, repeatCount=0, eventTime=124656, downTime=124656, deviceId=-1, source=0x101 }"
"<android.app.Activity: boolean onKeyDown(int,android.view.KeyEvent)>","20","KeyEvent { action=ACTION_DOWN, keyCode=KEYCODE_DPAD_DOWN, scanCode=0, metaState=0, flags=0x400, repeatCount=0, eventTime=124679, downTime=124679, deviceId=-1, source=0x101 }"
"<android.app.Activity: boolean onKeyDown(int,android.view.KeyEvent)>","20","KeyEvent { action=ACTION_DOWN, keyCode=KEYCODE_DPAD_DOWN, scanCode=0, metaState=0, flags=0x400, repeatCount=0, eventTime=124679, downTime=124679, deviceId=-1, source=0x101 }"
"<android.app.Activity: boolean onKeyDown(int,android.view.KeyEvent)>","20","KeyEvent { action=ACTION_DOWN, keyCode=KEYCODE_DPAD_DOWN, scanCode=0, metaState=0, flags=0x400, repeatCount=0, eventTime=124679, downTime=124679, deviceId=-1, source=0x101 }"
"<android.app.Activity: boolean onKeyDown(int,android.view.KeyEvent)>","20","KeyEvent { action=ACTION_DOWN, keyCode=KEYCODE_DPAD_DOWN, scanCode=0, metaState=0, flags=0x400, repeatCount=0, eventTime=124679, downTime=124679, deviceId=-1, source=0x101 }"
"<android.app.Activity: boolean onKeyDown(int,android.view.KeyEvent)>","19","KeyEvent { action=ACTION_DOWN, keyCode=KEYCODE_DPAD_UP, scanCode=0, metaState=0, flags=0x400, repeatCount=0, eventTime=129007, downTime=129007, deviceId=-1, source=0x101 }"
"<android.app.Activity: boolean onKeyDown(int,android.view.KeyEvent)>","19","KeyEvent { action=ACTION_DOWN, keyCode=KEYCODE_DPAD_UP, scanCode=0, metaState=0, flags=0x400, repeatCount=0, eventTime=129007, downTime=129007, deviceId=-1, source=0x101 }"
"<android.app.Activity: boolean onKeyDown(int,android.view.KeyEvent)>","19","KeyEvent { action=ACTION_DOWN, keyCode=KEYCODE_DPAD_UP, scanCode=0, metaState=0, flags=0x400, repeatCount=0, eventTime=129007, downTime=129007, deviceId=-1, source=0x101 }"
"<android.app.Activity: boolean onKeyDown(int,android.view.KeyEvent)>","19","KeyEvent { action=ACTION_DOWN, keyCode=KEYCODE_DPAD_UP, scanCode=0, metaState=0, flags=0x400, repeatCount=0, eventTime=129007, downTime=129007, deviceId=-1, source=0x101 }"
"<android.app.Activity: boolean onKeyDown(int,android.view.KeyEvent)>","19","KeyEvent { action=ACTION_DOWN, keyCode=KEYCODE_DPAD_UP, scanCode=0, metaState=0, flags=0x400, repeatCount=0, eventTime=129007, downTime=129007, deviceId=-1, source=0x101 }"
"<android.app.Activity: boolean onKeyDown(int,android.view.KeyEvent)>","21","KeyEvent { action=ACTION_DOWN, keyCode=KEYCODE_DPAD_LEFT, scanCode=0, metaState=0, flags=0x400, repeatCount=0, eventTime=129053, downTime=129053, deviceId=-1, source=0x101 }"
"<android.app.Activity: boolean onKeyDown(int,android.view.KeyEvent)>","19","KeyEvent { action=ACTION_DOWN, keyCode=KEYCODE_DPAD_UP, scanCode=0, metaState=0, flags=0x8, repeatCount=0, eventTime=129030, downTime=129030, deviceId=-1, source=0x101 }"
"<android.app.Activity: boolean onKeyDown(int,android.view.KeyEvent)>","23","KeyEvent { action=ACTION_DOWN, keyCode=KEYCODE_DPAD_CENTER, scanCode=0, metaState=0, flags=0x8, repeatCount=0, eventTime=130153, downTime=130153, deviceId=-1, source=0x101 }"
"<android.app.Activity: boolean onKeyDown(int,android.view.KeyEvent)>","19","KeyEvent { action=ACTION_DOWN, keyCode=KEYCODE_DPAD_UP, scanCode=0, metaState=0, flags=0x400, repeatCount=0, eventTime=132353, downTime=132353, deviceId=-1, source=0x101 }"
"<android.app.Activity: boolean onKeyDown(int,android.view.KeyEvent)>","19","KeyEvent { action=ACTION_DOWN, keyCode=KEYCODE_DPAD_UP, scanCode=0, metaState=0, flags=0x400, repeatCount=0, eventTime=132353, downTime=132353, deviceId=-1, source=0x101 }"
"<android.app.Activity: boolean onKeyDown(int,android.view.KeyEvent)>","19","KeyEvent { action=ACTION_DOWN, keyCode=KEYCODE_DPAD_UP, scanCode=0, metaState=0, flags=0x400, repeatCount=0, eventTime=132353, downTime=132353, deviceId=-1, source=0x101 }"
"<android.app.Activity: boolean onKeyDown(int,android.view.KeyEvent)>","19","KeyEvent { action=ACTION_DOWN, keyCode=KEYCODE_DPAD_UP, scanCode=0, metaState=0, flags=0x400, repeatCount=0, eventTime=132353, downTime=132353, deviceId=-1, source=0x101 }"
"<android.app.Activity: boolean onKeyDown(int,android.view.KeyEvent)>","22","KeyEvent { action=ACTION_DOWN, keyCode=KEYCODE_DPAD_RIGHT, scanCode=0, metaState=0, flags=0x8, repeatCount=0, eventTime=132233, downTime=132233, deviceId=-1, source=0x101 }"
"<android.app.Activity: boolean onKeyDown(int,android.view.KeyEvent)>","82","KeyEvent { action=ACTION_DOWN, keyCode=KEYCODE_MENU, scanCode=0, metaState=0, flags=0x8, repeatCount=0, eventTime=135487, downTime=135487, deviceId=-1, source=0x101 }"
"<android.app.Activity: boolean onKeyDown(int,android.view.KeyEvent)>","258","KeyEvent { action=ACTION_DOWN, keyCode=KEYCODE_TV_TIMER_PROGRAMMING, scanCode=0, metaState=0, flags=0x8, repeatCount=0, eventTime=138547, downTime=138547, deviceId=-1, source=0x101 }"
"<android.app.Activity: boolean onKeyDown(int,android.view.KeyEvent)>","21","KeyEvent { action=ACTION_DOWN, keyCode=KEYCODE_DPAD_LEFT, scanCode=0, metaState=0, flags=0x8, repeatCount=0, eventTime=139610, downTime=139610, deviceId=-1, source=0x101 }"
"<android.app.Activity: boolean onKeyDown(int,android.view.KeyEvent)>","21","KeyEvent { action=ACTION_DOWN, keyCode=KEYCODE_DPAD_LEFT, scanCode=0, metaState=0, flags=0x400, repeatCount=0, eventTime=140733, downTime=140733, deviceId=-1, source=0x101 }"
"<android.app.Activity: boolean onKeyDown(int,android.view.KeyEvent)>","21","KeyEvent { action=ACTION_DOWN, keyCode=KEYCODE_DPAD_LEFT, scanCode=0, metaState=0, flags=0x400, repeatCount=0, eventTime=140738, downTime=140738, deviceId=-1, source=0x101 }"
"<android.app.Activity: boolean onKeyDown(int,android.view.KeyEvent)>","21","KeyEvent { action=ACTION_DOWN, keyCode=KEYCODE_DPAD_LEFT, scanCode=0, metaState=0, flags=0x400, repeatCount=0, eventTime=140738, downTime=140738, deviceId=-1, source=0x101 }"
"<android.app.Activity: boolean onKeyDown(int,android.view.KeyEvent)>","21","KeyEvent { action=ACTION_DOWN, keyCode=KEYCODE_DPAD_LEFT, scanCode=0, metaState=0, flags=0x400, repeatCount=0, eventTime=140738, downTime=140738, deviceId=-1, source=0x101 }"
"<android.app.Activity: boolean onKeyDown(int,android.view.KeyEvent)>","20","KeyEvent { action=ACTION_DOWN, keyCode=KEYCODE_DPAD_DOWN, scanCode=0, metaState=0, flags=0x400, repeatCount=0, eventTime=140740, downTime=140740, deviceId=-1, source=0x101 }"
"<android.app.Activity: boolean onKeyDown(int,android.view.KeyEvent)>","20","KeyEvent { action=ACTION_DOWN, keyCode=KEYCODE_DPAD_DOWN, scanCode=0, metaState=0, flags=0x400, repeatCount=0, eventTime=140740, downTime=140740, deviceId=-1, source=0x101 }"
"<android.app.Activity: boolean onKeyDown(int,android.view.KeyEvent)>","20","KeyEvent { action=ACTION_DOWN, keyCode=KEYCODE_DPAD_DOWN, scanCode=0, metaState=0, flags=0x400, repeatCount=0, eventTime=140740, downTime=140740, deviceId=-1, source=0x101 }"
"<android.app.Activity: boolean onKeyDown(int,android.view.KeyEvent)>","20","KeyEvent { action=ACTION_DOWN, keyCode=KEYCODE_DPAD_DOWN, scanCode=0, metaState=0, flags=0x400, repeatCount=0, eventTime=140762, downTime=140762, deviceId=-1, source=0x101 }"
"<android.app.Activity: boolean onKeyDown(int,android.view.KeyEvent)>","20","KeyEvent { action=ACTION_DOWN, keyCode=KEYCODE_DPAD_DOWN, scanCode=0, metaState=0, flags=0x400, repeatCount=0, eventTime=140762, downTime=140762, deviceId=-1, source=0x101 }"
"<android.app.Activity: boolean onKeyDown(int,android.view.KeyEvent)>","20","KeyEvent { action=ACTION_DOWN, keyCode=KEYCODE_DPAD_DOWN, scanCode=0, metaState=0, flags=0x400, repeatCount=0, eventTime=140762, downTime=140762, deviceId=-1, source=0x101 }"
"<android.app.Activity: boolean onKeyDown(int,android.view.KeyEvent)>","20","KeyEvent { action=ACTION_DOWN, keyCode=KEYCODE_DPAD_DOWN, scanCode=0, metaState=0, flags=0x400, repeatCount=0, eventTime=140762, downTime=140762, deviceId=-1, source=0x101 }"
"<android.app.Activity: boolean onKeyDown(int,android.view.KeyEvent)>","20","KeyEvent { action=ACTION_DOWN, keyCode=KEYCODE_DPAD_DOWN, scanCode=0, metaState=0, flags=0x400, repeatCount=0, eventTime=140802, downTime=140802, deviceId=-1, source=0x101 }"
"<android.app.Activity: boolean onKeyDown(int,android.view.KeyEvent)>","20","KeyEvent { action=ACTION_DOWN, keyCode=KEYCODE_DPAD_DOWN, scanCode=0, metaState=0, flags=0x400, repeatCount=0, eventTime=140802, downTime=140802, deviceId=-1, source=0x101 }"
"<android.app.Activity: boolean onKeyDown(int,android.view.KeyEvent)>","20","KeyEvent { action=ACTION_DOWN, keyCode=KEYCODE_DPAD_DOWN, scanCode=0, metaState=0, flags=0x400, repeatCount=0, eventTime=140802, downTime=140802, deviceId=-1, source=0x101 }"
"<android.app.Activity: boolean onKeyDown(int,android.view.KeyEvent)>","21","KeyEvent { action=ACTION_DOWN, keyCode=KEYCODE_DPAD_LEFT, scanCode=0, metaState=0, flags=0x8, repeatCount=0, eventTime=141790, downTime=141790, deviceId=-1, source=0x101 }"
"<android.app.Activity: boolean onKeyDown(int,android.view.KeyEvent)>","108","KeyEvent { action=ACTION_DOWN, keyCode=KEYCODE_BUTTON_START, scanCode=0, metaState=0, flags=0x8, repeatCount=0, eventTime=143807, downTime=143807, deviceId=-1, source=0x101 }"
"<android.app.Activity: boolean onKeyDown(int,android.view.KeyEvent)>","23","KeyEvent { action=ACTION_DOWN, keyCode=KEYCODE_DPAD_CENTER, scanCode=0, metaState=0, flags=0x8, repeatCount=0, eventTime=143807, downTime=143807, deviceId=-1, source=0x101 }"
"<android.app.Activity: boolean onKeyDown(int,android.view.KeyEvent)>","22","KeyEvent { action=ACTION_DOWN, keyCode=KEYCODE_DPAD_RIGHT, scanCode=0, metaState=0, flags=0x8, repeatCount=0, eventTime=144809, downTime=144809, deviceId=-1, source=0x101 }"
"<android.app.Activity: boolean onKeyDown(int,android.view.KeyEvent)>","22","KeyEvent { action=ACTION_DOWN, keyCode=KEYCODE_DPAD_RIGHT, scanCode=0, metaState=0, flags=0x8, repeatCount=0, eventTime=146828, downTime=146828, deviceId=-1, source=0x101 }"
"<android.app.Activity: boolean onKeyDown(int,android.view.KeyEvent)>","258","KeyEvent { action=ACTION_DOWN, keyCode=KEYCODE_TV_TIMER_PROGRAMMING, scanCode=0, metaState=0, flags=0x8, repeatCount=0, eventTime=147832, downTime=147832, deviceId=-1, source=0x101 }"
"<android.app.Activity: boolean onKeyDown(int,android.view.KeyEvent)>","20","KeyEvent { action=ACTION_DOWN, keyCode=KEYCODE_DPAD_DOWN, scanCode=0, metaState=0, flags=0x8, repeatCount=0, eventTime=148838, downTime=148838, deviceId=-1, source=0x101 }"
"<android.app.Activity: boolean onKeyDown(int,android.view.KeyEvent)>","21","KeyEvent { action=ACTION_DOWN, keyCode=KEYCODE_DPAD_LEFT, scanCode=0, metaState=0, flags=0x400, repeatCount=0, eventTime=149882, downTime=149882, deviceId=-1, source=0x101 }"
"<android.app.Activity: boolean onKeyDown(int,android.view.KeyEvent)>","21","KeyEvent { action=ACTION_DOWN, keyCode=KEYCODE_DPAD_LEFT, scanCode=0, metaState=0, flags=0x400, repeatCount=0, eventTime=149882, downTime=149882, deviceId=-1, source=0x101 }"
"<android.app.Activity: boolean onKeyDown(int,android.view.KeyEvent)>","19","KeyEvent { action=ACTION_DOWN, keyCode=KEYCODE_DPAD_UP, scanCode=0, metaState=0, flags=0x400, repeatCount=0, eventTime=149993, downTime=149993, deviceId=-1, source=0x101 }"
"<android.app.Activity: boolean onKeyDown(int,android.view.KeyEvent)>","19","KeyEvent { action=ACTION_DOWN, keyCode=KEYCODE_DPAD_UP, scanCode=0, metaState=0, flags=0x400, repeatCount=0, eventTime=149993, downTime=149993, deviceId=-1, source=0x101 }"
"<android.app.Activity: boolean onKeyDown(int,android.view.KeyEvent)>","23","KeyEvent { action=ACTION_DOWN, keyCode=KEYCODE_DPAD_CENTER, scanCode=0, metaState=0, flags=0x400, repeatCount=0, eventTime=149993, downTime=149993, deviceId=-1, source=0x101 }"
"<android.app.Activity: boolean onKeyDown(int,android.view.KeyEvent)>","19","KeyEvent { action=ACTION_DOWN, keyCode=KEYCODE_DPAD_UP, scanCode=0, metaState=0, flags=0x400, repeatCount=0, eventTime=151023, downTime=151023, deviceId=-1, source=0x101 }"
"<android.app.Activity: boolean onKeyDown(int,android.view.KeyEvent)>","19","KeyEvent { action=ACTION_DOWN, keyCode=KEYCODE_DPAD_UP, scanCode=0, metaState=0, flags=0x400, repeatCount=0, eventTime=151023, downTime=151023, deviceId=-1, source=0x101 }"
"<android.app.Activity: boolean onKeyDown(int,android.view.KeyEvent)>","19","KeyEvent { action=ACTION_DOWN, keyCode=KEYCODE_DPAD_UP, scanCode=0, metaState=0, flags=0x400, repeatCount=0, eventTime=151023, downTime=151023, deviceId=-1, source=0x101 }"
"<android.app.Activity: boolean onKeyDown(int,android.view.KeyEvent)>","19","KeyEvent { action=ACTION_DOWN, keyCode=KEYCODE_DPAD_UP, scanCode=0, metaState=0, flags=0x400, repeatCount=0, eventTime=151023, downTime=151023, deviceId=-1, source=0x101 }"
"<android.app.Activity: boolean onKeyDown(int,android.view.KeyEvent)>","19","KeyEvent { action=ACTION_DOWN, keyCode=KEYCODE_DPAD_UP, scanCode=0, metaState=0, flags=0x400, repeatCount=0, eventTime=151023, downTime=151023, deviceId=-1, source=0x101 }"
"<android.app.Activity: boolean onKeyDown(int,android.view.KeyEvent)>","19","KeyEvent { action=ACTION_DOWN, keyCode=KEYCODE_DPAD_UP, scanCode=0, metaState=0, flags=0x400, repeatCount=0, eventTime=151042, downTime=151042, deviceId=-1, source=0x101 }"
"<android.app.Activity: boolean onKeyDown(int,android.view.KeyEvent)>","19","KeyEvent { action=ACTION_DOWN, keyCode=KEYCODE_DPAD_UP, scanCode=0, metaState=0, flags=0x400, repeatCount=0, eventTime=151042, downTime=151042, deviceId=-1, source=0x101 }"
"<android.app.Activity: boolean onKeyDown(int,android.view.KeyEvent)>","19","KeyEvent { action=ACTION_DOWN, keyCode=KEYCODE_DPAD_UP, scanCode=0, metaState=0, flags=0x400, repeatCount=0, eventTime=151042, downTime=151042, deviceId=-1, source=0x101 }"
"<android.app.Activity: boolean onKeyDown(int,android.view.KeyEvent)>","19","KeyEvent { action=ACTION_DOWN, keyCode=KEYCODE_DPAD_UP, scanCode=0, metaState=0, flags=0x400, repeatCount=0, eventTime=151042, downTime=151042, deviceId=-1, source=0x101 }"
"<android.app.Activity: boolean onKeyDown(int,android.view.KeyEvent)>","19","KeyEvent { action=ACTION_DOWN, keyCode=KEYCODE_DPAD_UP, scanCode=0, metaState=0, flags=0x400, repeatCount=0, eventTime=151042, downTime=151042, deviceId=-1, source=0x101 }"
"<android.app.Activity: boolean onKeyDown(int,android.view.KeyEvent)>","22","KeyEvent { action=ACTION_DOWN, keyCode=KEYCODE_DPAD_RIGHT, scanCode=0, metaState=0, flags=0x400, repeatCount=0, eventTime=151053, downTime=151053, deviceId=-1, source=0x101 }"
"<android.app.Activity: boolean onKeyDown(int,android.view.KeyEvent)>","22","KeyEvent { action=ACTION_DOWN, keyCode=KEYCODE_DPAD_RIGHT, scanCode=0, metaState=0, flags=0x400, repeatCount=0, eventTime=151053, downTime=151053, deviceId=-1, source=0x101 }"
"<android.app.Activity: boolean onKeyDown(int,android.view.KeyEvent)>","22","KeyEvent { action=ACTION_DOWN, keyCode=KEYCODE_DPAD_RIGHT, scanCode=0, metaState=0, flags=0x400, repeatCount=0, eventTime=151053, downTime=151053, deviceId=-1, source=0x101 }"
"<android.app.Activity: boolean onKeyDown(int,android.view.KeyEvent)>","22","KeyEvent { action=ACTION_DOWN, keyCode=KEYCODE_DPAD_RIGHT, scanCode=0, metaState=0, flags=0x400, repeatCount=0, eventTime=151053, downTime=151053, deviceId=-1, source=0x101 }"
"<android.app.Activity: boolean onKeyDown(int,android.view.KeyEvent)>","21","KeyEvent { action=ACTION_DOWN, keyCode=KEYCODE_DPAD_LEFT, scanCode=0, metaState=0, flags=0x400, repeatCount=0, eventTime=151110, downTime=151110, deviceId=-1, source=0x101 }"
"<android.app.Activity: boolean onKeyDown(int,android.view.KeyEvent)>","21","KeyEvent { action=ACTION_DOWN, keyCode=KEYCODE_DPAD_LEFT, scanCode=0, metaState=0, flags=0x400, repeatCount=0, eventTime=151110, downTime=151110, deviceId=-1, source=0x101 }"
"<android.app.Activity: boolean onKeyDown(int,android.view.KeyEvent)>","21","KeyEvent { action=ACTION_DOWN, keyCode=KEYCODE_DPAD_LEFT, scanCode=0, metaState=0, flags=0x400, repeatCount=0, eventTime=151123, downTime=151123, deviceId=-1, source=0x101 }"
"<android.app.Activity: boolean onKeyDown(int,android.view.KeyEvent)>","21","KeyEvent { action=ACTION_DOWN, keyCode=KEYCODE_DPAD_LEFT, scanCode=0, metaState=0, flags=0x400, repeatCount=0, eventTime=151123, downTime=151123, deviceId=-1, source=0x101 }"
"<android.app.Activity: boolean onKeyDown(int,android.view.KeyEvent)>","23","KeyEvent { action=ACTION_DOWN, keyCode=KEYCODE_DPAD_CENTER, scanCode=0, metaState=0, flags=0x400, repeatCount=0, eventTime=151123, downTime=151123, deviceId=-1, source=0x101 }"
"<android.app.Activity: boolean onKeyDown(int,android.view.KeyEvent)>","20","KeyEvent { action=ACTION_DOWN, keyCode=KEYCODE_DPAD_DOWN, scanCode=0, metaState=0, flags=0x8, repeatCount=0, eventTime=153142, downTime=153142, deviceId=-1, source=0x101 }"
"<android.app.Activity: boolean onKeyDown(int,android.view.KeyEvent)>","82","KeyEvent { action=ACTION_DOWN, keyCode=KEYCODE_MENU, scanCode=0, metaState=0, flags=0x8, repeatCount=0, eventTime=154164, downTime=154164, deviceId=-1, source=0x101 }"
"<android.app.Activity: boolean onKeyDown(int,android.view.KeyEvent)>","21","KeyEvent { action=ACTION_DOWN, keyCode=KEYCODE_DPAD_LEFT, scanCode=0, metaState=0, flags=0x400, repeatCount=0, eventTime=156201, downTime=156201, deviceId=-1, source=0x101 }"
"<android.app.Activity: boolean onKeyDown(int,android.view.KeyEvent)>","21","KeyEvent { action=ACTION_DOWN, keyCode=KEYCODE_DPAD_LEFT, scanCode=0, metaState=0, flags=0x400, repeatCount=0, eventTime=156201, downTime=156201, deviceId=-1, source=0x101 }"
"<android.app.Activity: boolean onKeyDown(int,android.view.KeyEvent)>","21","KeyEvent { action=ACTION_DOWN, keyCode=KEYCODE_DPAD_LEFT, scanCode=0, metaState=0, flags=0x400, repeatCount=0, eventTime=156201, downTime=156201, deviceId=-1, source=0x101 }"
"<android.app.Activity: boolean onKeyDown(int,android.view.KeyEvent)>","21","KeyEvent { action=ACTION_DOWN, keyCode=KEYCODE_DPAD_LEFT, scanCode=0, metaState=0, flags=0x400, repeatCount=0, eventTime=156201, downTime=156201, deviceId=-1, source=0x101 }"
"<android.app.Activity: boolean onKeyDown(int,android.view.KeyEvent)>","21","KeyEvent { action=ACTION_DOWN, keyCode=KEYCODE_DPAD_LEFT, scanCode=0, metaState=0, flags=0x400, repeatCount=0, eventTime=156201, downTime=156201, deviceId=-1, source=0x101 }"
"<android.app.Activity: boolean onKeyDown(int,android.view.KeyEvent)>","20","KeyEvent { action=ACTION_DOWN, keyCode=KEYCODE_DPAD_DOWN, scanCode=0, metaState=0, flags=0x400, repeatCount=0, eventTime=156251, downTime=156251, deviceId=-1, source=0x101 }"
"<android.app.Activity: boolean onKeyDown(int,android.view.KeyEvent)>","20","KeyEvent { action=ACTION_DOWN, keyCode=KEYCODE_DPAD_DOWN, scanCode=0, metaState=0, flags=0x400, repeatCount=0, eventTime=156251, downTime=156251, deviceId=-1, source=0x101 }"
"<android.app.Activity: boolean onKeyDown(int,android.view.KeyEvent)>","20","KeyEvent { action=ACTION_DOWN, keyCode=KEYCODE_DPAD_DOWN, scanCode=0, metaState=0, flags=0x400, repeatCount=0, eventTime=156251, downTime=156251, deviceId=-1, source=0x101 }"
"<android.app.Activity: boolean onKeyDown(int,android.view.KeyEvent)>","20","KeyEvent { action=ACTION_DOWN, keyCode=KEYCODE_DPAD_DOWN, scanCode=0, metaState=0, flags=0x400, repeatCount=0, eventTime=156251, downTime=156251, deviceId=-1, source=0x101 }"
"<android.app.Activity: boolean onKeyDown(int,android.view.KeyEvent)>","20","KeyEvent { action=ACTION_DOWN, keyCode=KEYCODE_DPAD_DOWN, scanCode=0, metaState=0, flags=0x400, repeatCount=0, eventTime=156252, downTime=156252, deviceId=-1, source=0x101 }"
"<android.app.Activity: boolean onKeyDown(int,android.view.KeyEvent)>","19","KeyEvent { action=ACTION_DOWN, keyCode=KEYCODE_DPAD_UP, scanCode=0, metaState=0, flags=0x400, repeatCount=0, eventTime=156285, downTime=156285, deviceId=-1, source=0x101 }"
"<android.app.Activity: boolean onKeyDown(int,android.view.KeyEvent)>","19","KeyEvent { action=ACTION_DOWN, keyCode=KEYCODE_DPAD_UP, scanCode=0, metaState=0, flags=0x400, repeatCount=0, eventTime=156285, downTime=156285, deviceId=-1, source=0x101 }"
"<android.app.Activity: boolean onKeyDown(int,android.view.KeyEvent)>","82","KeyEvent { action=ACTION_DOWN, keyCode=KEYCODE_MENU, scanCode=0, metaState=0, flags=0x8, repeatCount=0, eventTime=156262, downTime=156262, deviceId=-1, source=0x101 }"
"<android.app.Activity: boolean onKeyDown(int,android.view.KeyEvent)>","22","KeyEvent { action=ACTION_DOWN, keyCode=KEYCODE_DPAD_RIGHT, scanCode=0, metaState=0, flags=0x8, repeatCount=0, eventTime=165461, downTime=165461, deviceId=-1, source=0x101 }"
"<android.app.Activity: boolean onKeyDown(int,android.view.KeyEvent)>","5","KeyEvent { action=ACTION_DOWN, keyCode=KEYCODE_CALL, scanCode=0, metaState=0, flags=0x8, repeatCount=0, eventTime=166463, downTime=166463, deviceId=-1, source=0x101 }"
"<android.app.Activity: boolean onKeyDown(int,android.view.KeyEvent)>","20","KeyEvent { action=ACTION_DOWN, keyCode=KEYCODE_DPAD_DOWN, scanCode=0, metaState=0, flags=0x8, repeatCount=0, eventTime=168543, downTime=168543, deviceId=-1, source=0x101 }"
"<android.app.Activity: boolean onKeyDown(int,android.view.KeyEvent)>","21","KeyEvent { action=ACTION_DOWN, keyCode=KEYCODE_DPAD_LEFT, scanCode=0, metaState=0, flags=0x8, repeatCount=0, eventTime=172635, downTime=172635, deviceId=-1, source=0x101 }"
"<android.app.Activity: boolean onKeyDown(int,android.view.KeyEvent)>","171","KeyEvent { action=ACTION_DOWN, keyCode=KEYCODE_WINDOW, scanCode=0, metaState=0, flags=0x8, repeatCount=0, eventTime=173647, downTime=173647, deviceId=-1, source=0x101 }"
"<android.app.Activity: boolean onKeyDown(int,android.view.KeyEvent)>","161","KeyEvent { action=ACTION_DOWN, keyCode=KEYCODE_NUMPAD_EQUALS, scanCode=0, metaState=0, flags=0x8, repeatCount=0, eventTime=177719, downTime=177719, deviceId=-1, source=0x101 }"
"<android.app.Activity: boolean onKeyDown(int,android.view.KeyEvent)>","20","KeyEvent { action=ACTION_DOWN, keyCode=KEYCODE_DPAD_DOWN, scanCode=0, metaState=0, flags=0x8, repeatCount=0, eventTime=178721, downTime=178721, deviceId=-1, source=0x101 }"
"<android.app.Activity: boolean onKeyDown(int,android.view.KeyEvent)>","199","KeyEvent { action=ACTION_DOWN, keyCode=KEYCODE_BUTTON_12, scanCode=0, metaState=0, flags=0x8, repeatCount=0, eventTime=179736, downTime=179736, deviceId=-1, source=0x101 }"
"<android.app.Activity: boolean onKeyDown(int,android.view.KeyEvent)>","23","KeyEvent { action=ACTION_DOWN, keyCode=KEYCODE_DPAD_CENTER, scanCode=0, metaState=0, flags=0x8, repeatCount=0, eventTime=179736, downTime=179736, deviceId=-1, source=0x101 }"
"<android.app.Activity: boolean onKeyDown(int,android.view.KeyEvent)>","21","KeyEvent { action=ACTION_DOWN, keyCode=KEYCODE_DPAD_LEFT, scanCode=0, metaState=0, flags=0x400, repeatCount=0, eventTime=180765, downTime=180765, deviceId=-1, source=0x101 }"
"<android.app.Activity: boolean onKeyDown(int,android.view.KeyEvent)>","21","KeyEvent { action=ACTION_DOWN, keyCode=KEYCODE_DPAD_LEFT, scanCode=0, metaState=0, flags=0x400, repeatCount=0, eventTime=180765, downTime=180765, deviceId=-1, source=0x101 }"
"<android.app.Activity: boolean onKeyDown(int,android.view.KeyEvent)>","21","KeyEvent { action=ACTION_DOWN, keyCode=KEYCODE_DPAD_LEFT, scanCode=0, metaState=0, flags=0x400, repeatCount=0, eventTime=180765, downTime=180765, deviceId=-1, source=0x101 }"
"<android.app.Activity: boolean onKeyDown(int,android.view.KeyEvent)>","21","KeyEvent { action=ACTION_DOWN, keyCode=KEYCODE_DPAD_LEFT, scanCode=0, metaState=0, flags=0x400, repeatCount=0, eventTime=180765, downTime=180765, deviceId=-1, source=0x101 }"
"<android.app.Activity: boolean onKeyDown(int,android.view.KeyEvent)>","19","KeyEvent { action=ACTION_DOWN, keyCode=KEYCODE_DPAD_UP, scanCode=0, metaState=0, flags=0x400, repeatCount=0, eventTime=184905, downTime=184905, deviceId=-1, source=0x101 }"
"<android.app.Activity: boolean onKeyDown(int,android.view.KeyEvent)>","19","KeyEvent { action=ACTION_DOWN, keyCode=KEYCODE_DPAD_UP, scanCode=0, metaState=0, flags=0x400, repeatCount=0, eventTime=184905, downTime=184905, deviceId=-1, source=0x101 }"
"<android.app.Activity: boolean onKeyDown(int,android.view.KeyEvent)>","19","KeyEvent { action=ACTION_DOWN, keyCode=KEYCODE_DPAD_UP, scanCode=0, metaState=0, flags=0x400, repeatCount=0, eventTime=184905, downTime=184905, deviceId=-1, source=0x101 }"
"<android.app.Activity: boolean onKeyDown(int,android.view.KeyEvent)>","19","KeyEvent { action=ACTION_DOWN, keyCode=KEYCODE_DPAD_UP, scanCode=0, metaState=0, flags=0x400, repeatCount=0, eventTime=184905, downTime=184905, deviceId=-1, source=0x101 }"
"<android.app.Activity: boolean onKeyDown(int,android.view.KeyEvent)>","19","KeyEvent { action=ACTION_DOWN, keyCode=KEYCODE_DPAD_UP, scanCode=0, metaState=0, flags=0x400, repeatCount=0, eventTime=184905, downTime=184905, deviceId=-1, source=0x101 }"
"<android.app.Activity: boolean onKeyDown(int,android.view.KeyEvent)>","21","KeyEvent { action=ACTION_DOWN, keyCode=KEYCODE_DPAD_LEFT, scanCode=0, metaState=0, flags=0x400, repeatCount=0, eventTime=184922, downTime=184922, deviceId=-1, source=0x101 }"
"<android.app.Activity: boolean onKeyDown(int,android.view.KeyEvent)>","21","KeyEvent { action=ACTION_DOWN, keyCode=KEYCODE_DPAD_LEFT, scanCode=0, metaState=0, flags=0x400, repeatCount=0, eventTime=184922, downTime=184922, deviceId=-1, source=0x101 }"
"<android.app.Activity: boolean onKeyDown(int,android.view.KeyEvent)>","21","KeyEvent { action=ACTION_DOWN, keyCode=KEYCODE_DPAD_LEFT, scanCode=0, metaState=0, flags=0x400, repeatCount=0, eventTime=184922, downTime=184922, deviceId=-1, source=0x101 }"
"<android.app.Activity: boolean onKeyDown(int,android.view.KeyEvent)>","21","KeyEvent { action=ACTION_DOWN, keyCode=KEYCODE_DPAD_LEFT, scanCode=0, metaState=0, flags=0x400, repeatCount=0, eventTime=184922, downTime=184922, deviceId=-1, source=0x101 }"
"<android.app.Activity: boolean onKeyDown(int,android.view.KeyEvent)>","21","KeyEvent { action=ACTION_DOWN, keyCode=KEYCODE_DPAD_LEFT, scanCode=0, metaState=0, flags=0x400, repeatCount=0, eventTime=184922, downTime=184922, deviceId=-1, source=0x101 }"
"<android.app.Activity: boolean onKeyDown(int,android.view.KeyEvent)>","21","KeyEvent { action=ACTION_DOWN, keyCode=KEYCODE_DPAD_LEFT, scanCode=0, metaState=0, flags=0x8, repeatCount=0, eventTime=184905, downTime=184905, deviceId=-1, source=0x101 }"
"<android.app.Activity: boolean onKeyDown(int,android.view.KeyEvent)>","23","KeyEvent { action=ACTION_DOWN, keyCode=KEYCODE_DPAD_CENTER, scanCode=0, metaState=0, flags=0x8, repeatCount=0, eventTime=186994, downTime=186994, deviceId=-1, source=0x101 }"
"<android.app.Activity: boolean onKeyDown(int,android.view.KeyEvent)>","23","KeyEvent { action=ACTION_DOWN, keyCode=KEYCODE_DPAD_CENTER, scanCode=0, metaState=0, flags=0x8, repeatCount=0, eventTime=187998, downTime=187998, deviceId=-1, source=0x101 }"
"<android.app.Activity: boolean onKeyDown(int,android.view.KeyEvent)>","21","KeyEvent { action=ACTION_DOWN, keyCode=KEYCODE_DPAD_LEFT, scanCode=0, metaState=0, flags=0x400, repeatCount=0, eventTime=190795, downTime=190795, deviceId=-1, source=0x101 }"
"<android.app.Activity: boolean onKeyDown(int,android.view.KeyEvent)>","21","KeyEvent { action=ACTION_DOWN, keyCode=KEYCODE_DPAD_LEFT, scanCode=0, metaState=0, flags=0x400, repeatCount=0, eventTime=190795, downTime=190795, deviceId=-1, source=0x101 }"
"<android.app.Activity: boolean onKeyDown(int,android.view.KeyEvent)>","21","KeyEvent { action=ACTION_DOWN, keyCode=KEYCODE_DPAD_LEFT, scanCode=0, metaState=0, flags=0x400, repeatCount=0, eventTime=190795, downTime=190795, deviceId=-1, source=0x101 }"
"<android.app.Activity: boolean onKeyDown(int,android.view.KeyEvent)>","21","KeyEvent { action=ACTION_DOWN, keyCode=KEYCODE_DPAD_LEFT, scanCode=0, metaState=0, flags=0x400, repeatCount=0, eventTime=190795, downTime=190795, deviceId=-1, source=0x101 }"
"<android.app.Activity: boolean onKeyDown(int,android.view.KeyEvent)>","21","KeyEvent { action=ACTION_DOWN, keyCode=KEYCODE_DPAD_LEFT, scanCode=0, metaState=0, flags=0x400, repeatCount=0, eventTime=190795, downTime=190795, deviceId=-1, source=0x101 }"
"<android.app.Activity: boolean onKeyDown(int,android.view.KeyEvent)>","20","KeyEvent { action=ACTION_DOWN, keyCode=KEYCODE_DPAD_DOWN, scanCode=0, metaState=0, flags=0x400, repeatCount=0, eventTime=190828, downTime=190828, deviceId=-1, source=0x101 }"
"<android.app.Activity: boolean onKeyDown(int,android.view.KeyEvent)>","22","KeyEvent { action=ACTION_DOWN, keyCode=KEYCODE_DPAD_RIGHT, scanCode=0, metaState=0, flags=0x8, repeatCount=0, eventTime=190802, downTime=190802, deviceId=-1, source=0x101 }"
"<android.app.Activity: boolean onKeyDown(int,android.view.KeyEvent)>","82","KeyEvent { action=ACTION_DOWN, keyCode=KEYCODE_MENU, scanCode=0, metaState=0, flags=0x8, repeatCount=0, eventTime=191868, downTime=191868, deviceId=-1, source=0x101 }"
"<android.app.Activity: boolean onKeyDown(int,android.view.KeyEvent)>","21","KeyEvent { action=ACTION_DOWN, keyCode=KEYCODE_DPAD_LEFT, scanCode=0, metaState=0, flags=0x400, repeatCount=0, eventTime=195023, downTime=195023, deviceId=-1, source=0x101 }"
"<android.app.Activity: boolean onKeyDown(int,android.view.KeyEvent)>","21","KeyEvent { action=ACTION_DOWN, keyCode=KEYCODE_DPAD_LEFT, scanCode=0, metaState=0, flags=0x400, repeatCount=0, eventTime=195023, downTime=195023, deviceId=-1, source=0x101 }"
"<android.app.Activity: boolean onKeyDown(int,android.view.KeyEvent)>","21","KeyEvent { action=ACTION_DOWN, keyCode=KEYCODE_DPAD_LEFT, scanCode=0, metaState=0, flags=0x400, repeatCount=0, eventTime=195023, downTime=195023, deviceId=-1, source=0x101 }"
"<android.app.Activity: boolean onKeyDown(int,android.view.KeyEvent)>","21","KeyEvent { action=ACTION_DOWN, keyCode=KEYCODE_DPAD_LEFT, scanCode=0, metaState=0, flags=0x400, repeatCount=0, eventTime=195023, downTime=195023, deviceId=-1, source=0x101 }"
"<android.app.Activity: boolean onKeyDown(int,android.view.KeyEvent)>","20","KeyEvent { action=ACTION_DOWN, keyCode=KEYCODE_DPAD_DOWN, scanCode=0, metaState=0, flags=0x400, repeatCount=0, eventTime=195040, downTime=195040, deviceId=-1, source=0x101 }"
"<android.app.Activity: boolean onKeyDown(int,android.view.KeyEvent)>","20","KeyEvent { action=ACTION_DOWN, keyCode=KEYCODE_DPAD_DOWN, scanCode=0, metaState=0, flags=0x400, repeatCount=0, eventTime=195040, downTime=195040, deviceId=-1, source=0x101 }"
"<android.app.Activity: boolean onKeyDown(int,android.view.KeyEvent)>","20","KeyEvent { action=ACTION_DOWN, keyCode=KEYCODE_DPAD_DOWN, scanCode=0, metaState=0, flags=0x400, repeatCount=0, eventTime=195040, downTime=195040, deviceId=-1, source=0x101 }"
"<android.app.Activity: boolean onKeyDown(int,android.view.KeyEvent)>","23","KeyEvent { action=ACTION_DOWN, keyCode=KEYCODE_DPAD_CENTER, scanCode=0, metaState=0, flags=0x8, repeatCount=0, eventTime=196028, downTime=196028, deviceId=-1, source=0x101 }"
"<android.app.Activity: boolean onKeyDown(int,android.view.KeyEvent)>","20","KeyEvent { action=ACTION_DOWN, keyCode=KEYCODE_DPAD_DOWN, scanCode=0, metaState=0, flags=0x8, repeatCount=0, eventTime=197035, downTime=197035, deviceId=-1, source=0x101 }"
"<android.app.Activity: boolean onKeyDown(int,android.view.KeyEvent)>","22","KeyEvent { action=ACTION_DOWN, keyCode=KEYCODE_DPAD_RIGHT, scanCode=0, metaState=0, flags=0x8, repeatCount=0, eventTime=198039, downTime=198039, deviceId=-1, source=0x101 }"
"<android.app.Activity: boolean onKeyDown(int,android.view.KeyEvent)>","20","KeyEvent { action=ACTION_DOWN, keyCode=KEYCODE_DPAD_DOWN, scanCode=0, metaState=0, flags=0x400, repeatCount=0, eventTime=199090, downTime=199090, deviceId=-1, source=0x101 }"
"<android.app.Activity: boolean onKeyDown(int,android.view.KeyEvent)>","20","KeyEvent { action=ACTION_DOWN, keyCode=KEYCODE_DPAD_DOWN, scanCode=0, metaState=0, flags=0x400, repeatCount=0, eventTime=199090, downTime=199090, deviceId=-1, source=0x101 }"
"<android.app.Activity: boolean onKeyDown(int,android.view.KeyEvent)>","20","KeyEvent { action=ACTION_DOWN, keyCode=KEYCODE_DPAD_DOWN, scanCode=0, metaState=0, flags=0x400, repeatCount=0, eventTime=199090, downTime=199090, deviceId=-1, source=0x101 }"
"<android.app.Activity: boolean onKeyDown(int,android.view.KeyEvent)>","20","KeyEvent { action=ACTION_DOWN, keyCode=KEYCODE_DPAD_DOWN, scanCode=0, metaState=0, flags=0x400, repeatCount=0, eventTime=199090, downTime=199090, deviceId=-1, source=0x101 }"
"<android.app.Activity: boolean onKeyDown(int,android.view.KeyEvent)>","19","KeyEvent { action=ACTION_DOWN, keyCode=KEYCODE_DPAD_UP, scanCode=0, metaState=0, flags=0x400, repeatCount=0, eventTime=199100, downTime=199100, deviceId=-1, source=0x101 }"
"<android.app.Activity: boolean onKeyDown(int,android.view.KeyEvent)>","19","KeyEvent { action=ACTION_DOWN, keyCode=KEYCODE_DPAD_UP, scanCode=0, metaState=0, flags=0x400, repeatCount=0, eventTime=199100, downTime=199100, deviceId=-1, source=0x101 }"
"<android.app.Activity: boolean onKeyDown(int,android.view.KeyEvent)>","19","KeyEvent { action=ACTION_DOWN, keyCode=KEYCODE_DPAD_UP, scanCode=0, metaState=0, flags=0x400, repeatCount=0, eventTime=199100, downTime=199100, deviceId=-1, source=0x101 }"
"<android.app.Activity: boolean onKeyDown(int,android.view.KeyEvent)>","188","KeyEvent { action=ACTION_DOWN, keyCode=KEYCODE_BUTTON_1, scanCode=0, metaState=0, flags=0x8, repeatCount=0, eventTime=199093, downTime=199093, deviceId=-1, source=0x101 }"
"<android.app.Activity: boolean onKeyDown(int,android.view.KeyEvent)>","23","KeyEvent { action=ACTION_DOWN, keyCode=KEYCODE_DPAD_CENTER, scanCode=0, metaState=0, flags=0x8, repeatCount=0, eventTime=199093, downTime=199093, deviceId=-1, source=0x101 }"
"<android.app.Activity: boolean onKeyDown(int,android.view.KeyEvent)>","23","KeyEvent { action=ACTION_DOWN, keyCode=KEYCODE_DPAD_CENTER, scanCode=0, metaState=0, flags=0x8, repeatCount=0, eventTime=200104, downTime=200104, deviceId=-1, source=0x101 }"
"<android.app.Activity: boolean onKeyDown(int,android.view.KeyEvent)>","21","KeyEvent { action=ACTION_DOWN, keyCode=KEYCODE_DPAD_LEFT, scanCode=0, metaState=0, flags=0x8, repeatCount=0, eventTime=201121, downTime=201121, deviceId=-1, source=0x101 }"
"<android.app.Activity: boolean onKeyDown(int,android.view.KeyEvent)>","70","KeyEvent { action=ACTION_DOWN, keyCode=KEYCODE_EQUALS, scanCode=0, metaState=0, flags=0x8, repeatCount=0, eventTime=203129, downTime=203129, deviceId=-1, source=0x101 }"
"<android.app.Activity: boolean onKeyDown(int,android.view.KeyEvent)>","19","KeyEvent { action=ACTION_DOWN, keyCode=KEYCODE_DPAD_UP, scanCode=0, metaState=0, flags=0x8, repeatCount=0, eventTime=204145, downTime=204145, deviceId=-1, source=0x101 }"
"<android.app.Activity: boolean onKeyDown(int,android.view.KeyEvent)>","20","KeyEvent { action=ACTION_DOWN, keyCode=KEYCODE_DPAD_DOWN, scanCode=0, metaState=0, flags=0x8, repeatCount=0, eventTime=205219, downTime=205219, deviceId=-1, source=0x101 }"
"<android.app.Activity: boolean onKeyDown(int,android.view.KeyEvent)>","21","KeyEvent { action=ACTION_DOWN, keyCode=KEYCODE_DPAD_LEFT, scanCode=0, metaState=0, flags=0x8, repeatCount=0, eventTime=206230, downTime=206230, deviceId=-1, source=0x101 }"
"<android.app.Activity: boolean onKeyDown(int,android.view.KeyEvent)>","22","KeyEvent { action=ACTION_DOWN, keyCode=KEYCODE_DPAD_RIGHT, scanCode=0, metaState=0, flags=0x8, repeatCount=0, eventTime=207235, downTime=207235, deviceId=-1, source=0x101 }"
"<android.app.Activity: boolean onKeyDown(int,android.view.KeyEvent)>","19","KeyEvent { action=ACTION_DOWN, keyCode=KEYCODE_DPAD_UP, scanCode=0, metaState=0, flags=0x400, repeatCount=0, eventTime=208282, downTime=208282, deviceId=-1, source=0x101 }"
"<android.app.Activity: boolean onKeyDown(int,android.view.KeyEvent)>","19","KeyEvent { action=ACTION_DOWN, keyCode=KEYCODE_DPAD_UP, scanCode=0, metaState=0, flags=0x400, repeatCount=0, eventTime=208282, downTime=208282, deviceId=-1, source=0x101 }"
"<android.app.Activity: boolean onKeyDown(int,android.view.KeyEvent)>","19","KeyEvent { action=ACTION_DOWN, keyCode=KEYCODE_DPAD_UP, scanCode=0, metaState=0, flags=0x400, repeatCount=0, eventTime=208282, downTime=208282, deviceId=-1, source=0x101 }"
"<android.app.Activity: boolean onKeyDown(int,android.view.KeyEvent)>","20","KeyEvent { action=ACTION_DOWN, keyCode=KEYCODE_DPAD_DOWN, scanCode=0, metaState=0, flags=0x8, repeatCount=0, eventTime=208264, downTime=208264, deviceId=-1, source=0x101 }"
"<android.app.Activity: boolean onKeyDown(int,android.view.KeyEvent)>","82","KeyEvent { action=ACTION_DOWN, keyCode=KEYCODE_MENU, scanCode=0, metaState=0, flags=0x8, repeatCount=0, eventTime=210584, downTime=210584, deviceId=-1, source=0x101 }"
"<android.app.Activity: boolean onKeyDown(int,android.view.KeyEvent)>","22","KeyEvent { action=ACTION_DOWN, keyCode=KEYCODE_DPAD_RIGHT, scanCode=0, metaState=0, flags=0x8, repeatCount=0, eventTime=215681, downTime=215681, deviceId=-1, source=0x101 }"
"<android.app.Activity: boolean onKeyDown(int,android.view.KeyEvent)>","19","KeyEvent { action=ACTION_DOWN, keyCode=KEYCODE_DPAD_UP, scanCode=0, metaState=0, flags=0x8, repeatCount=0, eventTime=216719, downTime=216719, deviceId=-1, source=0x101 }"
"<android.app.Activity: boolean onKeyDown(int,android.view.KeyEvent)>","20","KeyEvent { action=ACTION_DOWN, keyCode=KEYCODE_DPAD_DOWN, scanCode=0, metaState=0, flags=0x400, repeatCount=0, eventTime=217795, downTime=217795, deviceId=-1, source=0x101 }"
"<android.app.Activity: boolean onKeyDown(int,android.view.KeyEvent)>","20","KeyEvent { action=ACTION_DOWN, keyCode=KEYCODE_DPAD_DOWN, scanCode=0, metaState=0, flags=0x400, repeatCount=0, eventTime=217795, downTime=217795, deviceId=-1, source=0x101 }"
"<android.app.Activity: boolean onKeyDown(int,android.view.KeyEvent)>","20","KeyEvent { action=ACTION_DOWN, keyCode=KEYCODE_DPAD_DOWN, scanCode=0, metaState=0, flags=0x400, repeatCount=0, eventTime=217795, downTime=217795, deviceId=-1, source=0x101 }"
"<android.app.Activity: boolean onKeyDown(int,android.view.KeyEvent)>","20","KeyEvent { action=ACTION_DOWN, keyCode=KEYCODE_DPAD_DOWN, scanCode=0, metaState=0, flags=0x400, repeatCount=0, eventTime=217812, downTime=217812, deviceId=-1, source=0x101 }"
"<android.app.Activity: boolean onKeyDown(int,android.view.KeyEvent)>","20","KeyEvent { action=ACTION_DOWN, keyCode=KEYCODE_DPAD_DOWN, scanCode=0, metaState=0, flags=0x400, repeatCount=0, eventTime=217812, downTime=217812, deviceId=-1, source=0x101 }"
"<android.app.Activity: boolean onKeyDown(int,android.view.KeyEvent)>","20","KeyEvent { action=ACTION_DOWN, keyCode=KEYCODE_DPAD_DOWN, scanCode=0, metaState=0, flags=0x400, repeatCount=0, eventTime=217812, downTime=217812, deviceId=-1, source=0x101 }"
"<android.app.Activity: boolean onKeyDown(int,android.view.KeyEvent)>","21","KeyEvent { action=ACTION_DOWN, keyCode=KEYCODE_DPAD_LEFT, scanCode=0, metaState=0, flags=0x400, repeatCount=0, eventTime=217875, downTime=217875, deviceId=-1, source=0x101 }"
"<android.app.Activity: boolean onKeyDown(int,android.view.KeyEvent)>","21","KeyEvent { action=ACTION_DOWN, keyCode=KEYCODE_DPAD_LEFT, scanCode=0, metaState=0, flags=0x400, repeatCount=0, eventTime=217875, downTime=217875, deviceId=-1, source=0x101 }"
"<android.app.Activity: boolean onKeyDown(int,android.view.KeyEvent)>","21","KeyEvent { action=ACTION_DOWN, keyCode=KEYCODE_DPAD_LEFT, scanCode=0, metaState=0, flags=0x400, repeatCount=0, eventTime=217875, downTime=217875, deviceId=-1, source=0x101 }"
"<android.app.Activity: boolean onKeyDown(int,android.view.KeyEvent)>","21","KeyEvent { action=ACTION_DOWN, keyCode=KEYCODE_DPAD_LEFT, scanCode=0, metaState=0, flags=0x400, repeatCount=0, eventTime=217875, downTime=217875, deviceId=-1, source=0x101 }"
"<android.app.Activity: boolean onKeyDown(int,android.view.KeyEvent)>","21","KeyEvent { action=ACTION_DOWN, keyCode=KEYCODE_DPAD_LEFT, scanCode=0, metaState=0, flags=0x400, repeatCount=0, eventTime=217893, downTime=217893, deviceId=-1, source=0x101 }"
"<android.app.Activity: boolean onKeyDown(int,android.view.KeyEvent)>","21","KeyEvent { action=ACTION_DOWN, keyCode=KEYCODE_DPAD_LEFT, scanCode=0, metaState=0, flags=0x400, repeatCount=0, eventTime=217893, downTime=217893, deviceId=-1, source=0x101 }"
"<android.app.Activity: boolean onKeyDown(int,android.view.KeyEvent)>","21","KeyEvent { action=ACTION_DOWN, keyCode=KEYCODE_DPAD_LEFT, scanCode=0, metaState=0, flags=0x400, repeatCount=0, eventTime=217893, downTime=217893, deviceId=-1, source=0x101 }"
"<android.app.Activity: boolean onKeyDown(int,android.view.KeyEvent)>","21","KeyEvent { action=ACTION_DOWN, keyCode=KEYCODE_DPAD_LEFT, scanCode=0, metaState=0, flags=0x400, repeatCount=0, eventTime=217893, downTime=217893, deviceId=-1, source=0x101 }"
"<android.app.Activity: boolean onKeyDown(int,android.view.KeyEvent)>","19","KeyEvent { action=ACTION_DOWN, keyCode=KEYCODE_DPAD_UP, scanCode=0, metaState=0, flags=0x400, repeatCount=0, eventTime=217924, downTime=217924, deviceId=-1, source=0x101 }"
"<android.app.Activity: boolean onKeyDown(int,android.view.KeyEvent)>","19","KeyEvent { action=ACTION_DOWN, keyCode=KEYCODE_DPAD_UP, scanCode=0, metaState=0, flags=0x400, repeatCount=0, eventTime=217924, downTime=217924, deviceId=-1, source=0x101 }"
"<android.app.Activity: boolean onKeyDown(int,android.view.KeyEvent)>","19","KeyEvent { action=ACTION_DOWN, keyCode=KEYCODE_DPAD_UP, scanCode=0, metaState=0, flags=0x400, repeatCount=0, eventTime=217924, downTime=217924, deviceId=-1, source=0x101 }"
"<android.app.Activity: boolean onKeyDown(int,android.view.KeyEvent)>","19","KeyEvent { action=ACTION_DOWN, keyCode=KEYCODE_DPAD_UP, scanCode=0, metaState=0, flags=0x400, repeatCount=0, eventTime=217924, downTime=217924, deviceId=-1, source=0x101 }"
"<android.app.Activity: boolean onKeyDown(int,android.view.KeyEvent)>","19","KeyEvent { action=ACTION_DOWN, keyCode=KEYCODE_DPAD_UP, scanCode=0, metaState=0, flags=0x400, repeatCount=0, eventTime=217924, downTime=217924, deviceId=-1, source=0x101 }"
"<android.app.Activity: boolean onKeyDown(int,android.view.KeyEvent)>","22","KeyEvent { action=ACTION_DOWN, keyCode=KEYCODE_DPAD_RIGHT, scanCode=0, metaState=0, flags=0x8, repeatCount=0, eventTime=218960, downTime=218960, deviceId=-1, source=0x101 }"
